"","date","OBS_VALUE","TITLE_FR","DEMOGRAPHIE2"
"1",2025-11-01,644306,"Démographie - Nombre de naissances vivantes par mois - France (inclus Mayotte à partir de 2014)","Naissances"
"2",2025-11-01,648455,"Démographie - Nombre de décès par mois - France (inclus Mayotte à partir de 2014)","Décès"
"3",2025-10-01,646406,"Démographie - Nombre de naissances vivantes par mois - France (inclus Mayotte à partir de 2014)","Naissances"
"4",2025-10-01,649341,"Démographie - Nombre de décès par mois - France (inclus Mayotte à partir de 2014)","Décès"
"5",2025-09-01,648414,"Démographie - Nombre de naissances vivantes par mois - France (inclus Mayotte à partir de 2014)","Naissances"
"6",2025-09-01,650224,"Démographie - Nombre de décès par mois - France (inclus Mayotte à partir de 2014)","Décès"
"7",2025-08-01,650133,"Démographie - Nombre de naissances vivantes par mois - France (inclus Mayotte à partir de 2014)","Naissances"
"8",2025-08-01,651134,"Démographie - Nombre de décès par mois - France (inclus Mayotte à partir de 2014)","Décès"
"9",2025-07-01,651543,"Démographie - Nombre de naissances vivantes par mois - France (inclus Mayotte à partir de 2014)","Naissances"
"10",2025-07-01,650322,"Démographie - Nombre de décès par mois - France (inclus Mayotte à partir de 2014)","Décès"
"11",2025-06-01,651939,"Démographie - Nombre de naissances vivantes par mois - France (inclus Mayotte à partir de 2014)","Naissances"
"12",2025-06-01,650579,"Démographie - Nombre de décès par mois - France (inclus Mayotte à partir de 2014)","Décès"
"13",2025-05-01,650473,"Démographie - Nombre de naissances vivantes par mois - France (inclus Mayotte à partir de 2014)","Naissances"
"14",2025-05-01,652218,"Démographie - Nombre de décès par mois - France (inclus Mayotte à partir de 2014)","Décès"
"15",2025-04-01,653141,"Démographie - Nombre de naissances vivantes par mois - France (inclus Mayotte à partir de 2014)","Naissances"
"16",2025-04-01,652056,"Démographie - Nombre de décès par mois - France (inclus Mayotte à partir de 2014)","Décès"
"17",2025-03-01,654744,"Démographie - Nombre de naissances vivantes par mois - France (inclus Mayotte à partir de 2014)","Naissances"
"18",2025-03-01,651628,"Démographie - Nombre de décès par mois - France (inclus Mayotte à partir de 2014)","Décès"
"19",2025-02-01,655892,"Démographie - Nombre de naissances vivantes par mois - France (inclus Mayotte à partir de 2014)","Naissances"
"20",2025-02-01,650614,"Démographie - Nombre de décès par mois - France (inclus Mayotte à partir de 2014)","Décès"
"21",2025-01-01,659416,"Démographie - Nombre de naissances vivantes par mois - France (inclus Mayotte à partir de 2014)","Naissances"
"22",2025-01-01,649442,"Démographie - Nombre de décès par mois - France (inclus Mayotte à partir de 2014)","Décès"
"23",2024-12-01,660787,"Démographie - Nombre de naissances vivantes par mois - France (inclus Mayotte à partir de 2014)","Naissances"
"24",2024-12-01,643168,"Démographie - Nombre de décès par mois - France (inclus Mayotte à partir de 2014)","Décès"
"25",2024-11-01,662216,"Démographie - Nombre de naissances vivantes par mois - France (inclus Mayotte à partir de 2014)","Naissances"
"26",2024-11-01,644350,"Démographie - Nombre de décès par mois - France (inclus Mayotte à partir de 2014)","Décès"
"27",2024-10-01,665170,"Démographie - Nombre de naissances vivantes par mois - France (inclus Mayotte à partir de 2014)","Naissances"
"28",2024-10-01,646023,"Démographie - Nombre de décès par mois - France (inclus Mayotte à partir de 2014)","Décès"
"29",2024-09-01,666002,"Démographie - Nombre de naissances vivantes par mois - France (inclus Mayotte à partir de 2014)","Naissances"
"30",2024-09-01,644225,"Démographie - Nombre de décès par mois - France (inclus Mayotte à partir de 2014)","Décès"
"31",2024-08-01,666308,"Démographie - Nombre de naissances vivantes par mois - France (inclus Mayotte à partir de 2014)","Naissances"
"32",2024-08-01,643902,"Démographie - Nombre de décès par mois - France (inclus Mayotte à partir de 2014)","Décès"
"33",2024-07-01,668353,"Démographie - Nombre de naissances vivantes par mois - France (inclus Mayotte à partir de 2014)","Naissances"
"34",2024-07-01,644251,"Démographie - Nombre de décès par mois - France (inclus Mayotte à partir de 2014)","Décès"
"35",2024-06-01,669955,"Démographie - Nombre de naissances vivantes par mois - France (inclus Mayotte à partir de 2014)","Naissances"
"36",2024-06-01,642251,"Démographie - Nombre de décès par mois - France (inclus Mayotte à partir de 2014)","Décès"
"37",2024-05-01,674404,"Démographie - Nombre de naissances vivantes par mois - France (inclus Mayotte à partir de 2014)","Naissances"
"38",2024-05-01,640603,"Démographie - Nombre de décès par mois - France (inclus Mayotte à partir de 2014)","Décès"
"39",2024-04-01,675117,"Démographie - Nombre de naissances vivantes par mois - France (inclus Mayotte à partir de 2014)","Naissances"
"40",2024-04-01,640967,"Démographie - Nombre de décès par mois - France (inclus Mayotte à partir de 2014)","Décès"
"41",2024-03-01,675659,"Démographie - Nombre de naissances vivantes par mois - France (inclus Mayotte à partir de 2014)","Naissances"
"42",2024-03-01,641816,"Démographie - Nombre de décès par mois - France (inclus Mayotte à partir de 2014)","Décès"
"43",2024-02-01,677326,"Démographie - Nombre de naissances vivantes par mois - France (inclus Mayotte à partir de 2014)","Naissances"
"44",2024-02-01,642746,"Démographie - Nombre de décès par mois - France (inclus Mayotte à partir de 2014)","Décès"
"45",2024-01-01,677189,"Démographie - Nombre de naissances vivantes par mois - France (inclus Mayotte à partir de 2014)","Naissances"
"46",2024-01-01,639873,"Démographie - Nombre de décès par mois - France (inclus Mayotte à partir de 2014)","Décès"
"47",2023-12-01,677803,"Démographie - Nombre de naissances vivantes par mois - France (inclus Mayotte à partir de 2014)","Naissances"
"48",2023-12-01,639269,"Démographie - Nombre de décès par mois - France (inclus Mayotte à partir de 2014)","Décès"
"49",2023-11-01,681392,"Démographie - Nombre de naissances vivantes par mois - France (inclus Mayotte à partir de 2014)","Naissances"
"50",2023-11-01,647615,"Démographie - Nombre de décès par mois - France (inclus Mayotte à partir de 2014)","Décès"
"51",2023-10-01,684297,"Démographie - Nombre de naissances vivantes par mois - France (inclus Mayotte à partir de 2014)","Naissances"
"52",2023-10-01,647824,"Démographie - Nombre de décès par mois - France (inclus Mayotte à partir de 2014)","Décès"
"53",2023-09-01,686610,"Démographie - Nombre de naissances vivantes par mois - France (inclus Mayotte à partir de 2014)","Naissances"
"54",2023-09-01,649813,"Démographie - Nombre de décès par mois - France (inclus Mayotte à partir de 2014)","Décès"
"55",2023-08-01,691253,"Démographie - Nombre de naissances vivantes par mois - France (inclus Mayotte à partir de 2014)","Naissances"
"56",2023-08-01,650247,"Démographie - Nombre de décès par mois - France (inclus Mayotte à partir de 2014)","Décès"
"57",2023-07-01,696460,"Démographie - Nombre de naissances vivantes par mois - France (inclus Mayotte à partir de 2014)","Naissances"
"58",2023-07-01,653239,"Démographie - Nombre de décès par mois - France (inclus Mayotte à partir de 2014)","Décès"
"59",2023-06-01,701938,"Démographie - Nombre de naissances vivantes par mois - France (inclus Mayotte à partir de 2014)","Naissances"
"60",2023-06-01,660013,"Démographie - Nombre de décès par mois - France (inclus Mayotte à partir de 2014)","Décès"
"61",2023-05-01,706292,"Démographie - Nombre de naissances vivantes par mois - France (inclus Mayotte à partir de 2014)","Naissances"
"62",2023-05-01,660409,"Démographie - Nombre de décès par mois - France (inclus Mayotte à partir de 2014)","Décès"
"63",2023-04-01,711089,"Démographie - Nombre de naissances vivantes par mois - France (inclus Mayotte à partir de 2014)","Naissances"
"64",2023-04-01,660621,"Démographie - Nombre de décès par mois - France (inclus Mayotte à partir de 2014)","Décès"
"65",2023-03-01,714912,"Démographie - Nombre de naissances vivantes par mois - France (inclus Mayotte à partir de 2014)","Naissances"
"66",2023-03-01,665317,"Démographie - Nombre de décès par mois - France (inclus Mayotte à partir de 2014)","Décès"
"67",2023-02-01,718976,"Démographie - Nombre de naissances vivantes par mois - France (inclus Mayotte à partir de 2014)","Naissances"
"68",2023-02-01,667347,"Démographie - Nombre de décès par mois - France (inclus Mayotte à partir de 2014)","Décès"
"69",2023-01-01,722381,"Démographie - Nombre de naissances vivantes par mois - France (inclus Mayotte à partir de 2014)","Naissances"
"70",2023-01-01,672325,"Démographie - Nombre de décès par mois - France (inclus Mayotte à partir de 2014)","Décès"
"71",2022-12-01,725997,"Démographie - Nombre de naissances vivantes par mois - France (inclus Mayotte à partir de 2014)","Naissances"
"72",2022-12-01,675122,"Démographie - Nombre de décès par mois - France (inclus Mayotte à partir de 2014)","Décès"
"73",2022-11-01,731565,"Démographie - Nombre de naissances vivantes par mois - France (inclus Mayotte à partir de 2014)","Naissances"
"74",2022-11-01,668787,"Démographie - Nombre de décès par mois - France (inclus Mayotte à partir de 2014)","Décès"
"75",2022-10-01,735501,"Démographie - Nombre de naissances vivantes par mois - France (inclus Mayotte à partir de 2014)","Naissances"
"76",2022-10-01,667958,"Démographie - Nombre de décès par mois - France (inclus Mayotte à partir de 2014)","Décès"
"77",2022-09-01,742301,"Démographie - Nombre de naissances vivantes par mois - France (inclus Mayotte à partir de 2014)","Naissances"
"78",2022-09-01,666147,"Démographie - Nombre de décès par mois - France (inclus Mayotte à partir de 2014)","Décès"
"79",2022-08-01,747300,"Démographie - Nombre de naissances vivantes par mois - France (inclus Mayotte à partir de 2014)","Naissances"
"80",2022-08-01,666615,"Démographie - Nombre de décès par mois - France (inclus Mayotte à partir de 2014)","Décès"
"81",2022-07-01,748986,"Démographie - Nombre de naissances vivantes par mois - France (inclus Mayotte à partir de 2014)","Naissances"
"82",2022-07-01,665426,"Démographie - Nombre de décès par mois - France (inclus Mayotte à partir de 2014)","Décès"
"83",2022-06-01,750285,"Démographie - Nombre de naissances vivantes par mois - France (inclus Mayotte à partir de 2014)","Naissances"
"84",2022-06-01,659456,"Démographie - Nombre de décès par mois - France (inclus Mayotte à partir de 2014)","Décès"
"85",2022-05-01,749546,"Démographie - Nombre de naissances vivantes par mois - France (inclus Mayotte à partir de 2014)","Naissances"
"86",2022-05-01,657298,"Démographie - Nombre de décès par mois - France (inclus Mayotte à partir de 2014)","Décès"
"87",2022-04-01,748701,"Démographie - Nombre de naissances vivantes par mois - France (inclus Mayotte à partir de 2014)","Naissances"
"88",2022-04-01,658676,"Démographie - Nombre de décès par mois - France (inclus Mayotte à partir de 2014)","Décès"
"89",2022-03-01,751400,"Démographie - Nombre de naissances vivantes par mois - France (inclus Mayotte à partir de 2014)","Naissances"
"90",2022-03-01,659922,"Démographie - Nombre de décès par mois - France (inclus Mayotte à partir de 2014)","Décès"
"91",2022-02-01,752351,"Démographie - Nombre de naissances vivantes par mois - France (inclus Mayotte à partir de 2014)","Naissances"
"92",2022-02-01,661290,"Démographie - Nombre de décès par mois - France (inclus Mayotte à partir de 2014)","Décès"
"93",2022-01-01,748504,"Démographie - Nombre de naissances vivantes par mois - France (inclus Mayotte à partir de 2014)","Naissances"
"94",2022-01-01,661529,"Démographie - Nombre de décès par mois - France (inclus Mayotte à partir de 2014)","Décès"
"95",2021-12-01,742052,"Démographie - Nombre de naissances vivantes par mois - France (inclus Mayotte à partir de 2014)","Naissances"
"96",2021-12-01,661585,"Démographie - Nombre de décès par mois - France (inclus Mayotte à partir de 2014)","Décès"
"97",2021-11-01,735836,"Démographie - Nombre de naissances vivantes par mois - France (inclus Mayotte à partir de 2014)","Naissances"
"98",2021-11-01,661649,"Démographie - Nombre de décès par mois - France (inclus Mayotte à partir de 2014)","Décès"
"99",2021-10-01,731790,"Démographie - Nombre de naissances vivantes par mois - France (inclus Mayotte à partir de 2014)","Naissances"
"100",2021-10-01,673972,"Démographie - Nombre de décès par mois - France (inclus Mayotte à partir de 2014)","Décès"
"101",2021-09-01,728715,"Démographie - Nombre de naissances vivantes par mois - France (inclus Mayotte à partir de 2014)","Naissances"
"102",2021-09-01,678112,"Démographie - Nombre de décès par mois - France (inclus Mayotte à partir de 2014)","Décès"
"103",2021-08-01,726458,"Démographie - Nombre de naissances vivantes par mois - France (inclus Mayotte à partir de 2014)","Naissances"
"104",2021-08-01,677421,"Démographie - Nombre de décès par mois - France (inclus Mayotte à partir de 2014)","Décès"
"105",2021-07-01,724220,"Démographie - Nombre de naissances vivantes par mois - France (inclus Mayotte à partir de 2014)","Naissances"
"106",2021-07-01,675089,"Démographie - Nombre de décès par mois - France (inclus Mayotte à partir de 2014)","Décès"
"107",2021-06-01,723996,"Démographie - Nombre de naissances vivantes par mois - France (inclus Mayotte à partir de 2014)","Naissances"
"108",2021-06-01,673555,"Démographie - Nombre de décès par mois - France (inclus Mayotte à partir de 2014)","Décès"
"109",2021-05-01,724858,"Démographie - Nombre de naissances vivantes par mois - France (inclus Mayotte à partir de 2014)","Naissances"
"110",2021-05-01,673629,"Démographie - Nombre de décès par mois - France (inclus Mayotte à partir de 2014)","Décès"
"111",2021-04-01,725868,"Démographie - Nombre de naissances vivantes par mois - France (inclus Mayotte à partir de 2014)","Naissances"
"112",2021-04-01,670165,"Démographie - Nombre de décès par mois - France (inclus Mayotte à partir de 2014)","Décès"
"113",2021-03-01,723211,"Démographie - Nombre de naissances vivantes par mois - France (inclus Mayotte à partir de 2014)","Naissances"
"114",2021-03-01,679726,"Démographie - Nombre de décès par mois - France (inclus Mayotte à partir de 2014)","Décès"
"115",2021-02-01,722603,"Démographie - Nombre de naissances vivantes par mois - France (inclus Mayotte à partir de 2014)","Naissances"
"116",2021-02-01,684194,"Démographie - Nombre de décès par mois - France (inclus Mayotte à partir de 2014)","Décès"
"117",2021-01-01,726990,"Démographie - Nombre de naissances vivantes par mois - France (inclus Mayotte à partir de 2014)","Naissances"
"118",2021-01-01,678345,"Démographie - Nombre de décès par mois - France (inclus Mayotte à partir de 2014)","Décès"
"119",2020-12-01,735196,"Démographie - Nombre de naissances vivantes par mois - France (inclus Mayotte à partir de 2014)","Naissances"
"120",2020-12-01,668922,"Démographie - Nombre de décès par mois - France (inclus Mayotte à partir de 2014)","Décès"
"121",2020-11-01,739778,"Démographie - Nombre de naissances vivantes par mois - France (inclus Mayotte à partir de 2014)","Naissances"
"122",2020-11-01,659585,"Démographie - Nombre de décès par mois - France (inclus Mayotte à partir de 2014)","Décès"
"123",2020-10-01,742447,"Démographie - Nombre de naissances vivantes par mois - France (inclus Mayotte à partir de 2014)","Naissances"
"124",2020-10-01,645253,"Démographie - Nombre de décès par mois - France (inclus Mayotte à partir de 2014)","Décès"
"125",2020-09-01,744234,"Démographie - Nombre de naissances vivantes par mois - France (inclus Mayotte à partir de 2014)","Naissances"
"126",2020-09-01,637466,"Démographie - Nombre de décès par mois - France (inclus Mayotte à partir de 2014)","Décès"
"127",2020-08-01,746085,"Démographie - Nombre de naissances vivantes par mois - France (inclus Mayotte à partir de 2014)","Naissances"
"128",2020-08-01,634270,"Démographie - Nombre de décès par mois - France (inclus Mayotte à partir de 2014)","Décès"
"129",2020-07-01,748799,"Démographie - Nombre de naissances vivantes par mois - France (inclus Mayotte à partir de 2014)","Naissances"
"130",2020-07-01,632009,"Démographie - Nombre de décès par mois - France (inclus Mayotte à partir de 2014)","Décès"
"131",2020-06-01,750851,"Démographie - Nombre de naissances vivantes par mois - France (inclus Mayotte à partir de 2014)","Naissances"
"132",2020-06-01,632917,"Démographie - Nombre de décès par mois - France (inclus Mayotte à partir de 2014)","Décès"
"133",2020-05-01,752070,"Démographie - Nombre de naissances vivantes par mois - France (inclus Mayotte à partir de 2014)","Naissances"
"134",2020-05-01,633090,"Démographie - Nombre de décès par mois - France (inclus Mayotte à partir de 2014)","Décès"
"135",2020-04-01,753503,"Démographie - Nombre de naissances vivantes par mois - France (inclus Mayotte à partir de 2014)","Naissances"
"136",2020-04-01,633050,"Démographie - Nombre de décès par mois - France (inclus Mayotte à partir de 2014)","Décès"
"137",2020-03-01,754937,"Démographie - Nombre de naissances vivantes par mois - France (inclus Mayotte à partir de 2014)","Naissances"
"138",2020-03-01,615262,"Démographie - Nombre de décès par mois - France (inclus Mayotte à partir de 2014)","Décès"
"139",2020-02-01,754139,"Démographie - Nombre de naissances vivantes par mois - France (inclus Mayotte à partir de 2014)","Naissances"
"140",2020-02-01,605764,"Démographie - Nombre de décès par mois - France (inclus Mayotte à partir de 2014)","Décès"
"141",2020-01-01,752403,"Démographie - Nombre de naissances vivantes par mois - France (inclus Mayotte à partir de 2014)","Naissances"
"142",2020-01-01,610188,"Démographie - Nombre de décès par mois - France (inclus Mayotte à partir de 2014)","Décès"
"143",2019-12-01,753383,"Démographie - Nombre de naissances vivantes par mois - France (inclus Mayotte à partir de 2014)","Naissances"
"144",2019-12-01,613243,"Démographie - Nombre de décès par mois - France (inclus Mayotte à partir de 2014)","Décès"
"145",2019-11-01,753542,"Démographie - Nombre de naissances vivantes par mois - France (inclus Mayotte à partir de 2014)","Naissances"
"146",2019-11-01,611270,"Démographie - Nombre de décès par mois - France (inclus Mayotte à partir de 2014)","Décès"
"147",2019-10-01,754728,"Démographie - Nombre de naissances vivantes par mois - France (inclus Mayotte à partir de 2014)","Naissances"
"148",2019-10-01,609101,"Démographie - Nombre de décès par mois - France (inclus Mayotte à partir de 2014)","Décès"
"149",2019-09-01,755725,"Démographie - Nombre de naissances vivantes par mois - France (inclus Mayotte à partir de 2014)","Naissances"
"150",2019-09-01,608684,"Démographie - Nombre de décès par mois - France (inclus Mayotte à partir de 2014)","Décès"
"151",2019-08-01,756002,"Démographie - Nombre de naissances vivantes par mois - France (inclus Mayotte à partir de 2014)","Naissances"
"152",2019-08-01,608306,"Démographie - Nombre de décès par mois - France (inclus Mayotte à partir de 2014)","Décès"
"153",2019-07-01,756764,"Démographie - Nombre de naissances vivantes par mois - France (inclus Mayotte à partir de 2014)","Naissances"
"154",2019-07-01,608426,"Démographie - Nombre de décès par mois - France (inclus Mayotte à partir de 2014)","Décès"
"155",2019-06-01,757058,"Démographie - Nombre de naissances vivantes par mois - France (inclus Mayotte à partir de 2014)","Naissances"
"156",2019-06-01,608629,"Démographie - Nombre de décès par mois - France (inclus Mayotte à partir de 2014)","Décès"
"157",2019-05-01,757588,"Démographie - Nombre de naissances vivantes par mois - France (inclus Mayotte à partir de 2014)","Naissances"
"158",2019-05-01,607188,"Démographie - Nombre de décès par mois - France (inclus Mayotte à partir de 2014)","Décès"
"159",2019-04-01,758563,"Démographie - Nombre de naissances vivantes par mois - France (inclus Mayotte à partir de 2014)","Naissances"
"160",2019-04-01,605929,"Démographie - Nombre de décès par mois - France (inclus Mayotte à partir de 2014)","Décès"
"161",2019-03-01,758238,"Démographie - Nombre de naissances vivantes par mois - France (inclus Mayotte à partir de 2014)","Naissances"
"162",2019-03-01,607185,"Démographie - Nombre de décès par mois - France (inclus Mayotte à partir de 2014)","Décès"
"163",2019-02-01,757944,"Démographie - Nombre de naissances vivantes par mois - France (inclus Mayotte à partir de 2014)","Naissances"
"164",2019-02-01,613946,"Démographie - Nombre de décès par mois - France (inclus Mayotte à partir de 2014)","Décès"
"165",2019-01-01,758793,"Démographie - Nombre de naissances vivantes par mois - France (inclus Mayotte à partir de 2014)","Naissances"
"166",2019-01-01,610284,"Démographie - Nombre de décès par mois - France (inclus Mayotte à partir de 2014)","Décès"
"167",2018-12-01,758590,"Démographie - Nombre de naissances vivantes par mois - France (inclus Mayotte à partir de 2014)","Naissances"
"168",2018-12-01,609648,"Démographie - Nombre de décès par mois - France (inclus Mayotte à partir de 2014)","Décès"
"169",2018-11-01,759612,"Démographie - Nombre de naissances vivantes par mois - France (inclus Mayotte à partir de 2014)","Naissances"
"170",2018-11-01,613600,"Démographie - Nombre de décès par mois - France (inclus Mayotte à partir de 2014)","Décès"
"171",2018-10-01,760619,"Démographie - Nombre de naissances vivantes par mois - France (inclus Mayotte à partir de 2014)","Naissances"
"172",2018-10-01,613875,"Démographie - Nombre de décès par mois - France (inclus Mayotte à partir de 2014)","Décès"
"173",2018-09-01,761102,"Démographie - Nombre de naissances vivantes par mois - France (inclus Mayotte à partir de 2014)","Naissances"
"174",2018-09-01,613334,"Démographie - Nombre de décès par mois - France (inclus Mayotte à partir de 2014)","Décès"
"175",2018-08-01,761103,"Démographie - Nombre de naissances vivantes par mois - France (inclus Mayotte à partir de 2014)","Naissances"
"176",2018-08-01,613675,"Démographie - Nombre de décès par mois - France (inclus Mayotte à partir de 2014)","Décès"
"177",2018-07-01,762011,"Démographie - Nombre de naissances vivantes par mois - France (inclus Mayotte à partir de 2014)","Naissances"
"178",2018-07-01,613139,"Démographie - Nombre de décès par mois - France (inclus Mayotte à partir de 2014)","Décès"
"179",2018-06-01,762280,"Démographie - Nombre de naissances vivantes par mois - France (inclus Mayotte à partir de 2014)","Naissances"
"180",2018-06-01,611157,"Démographie - Nombre de décès par mois - France (inclus Mayotte à partir de 2014)","Décès"
"181",2018-05-01,761954,"Démographie - Nombre de naissances vivantes par mois - France (inclus Mayotte à partir de 2014)","Naissances"
"182",2018-05-01,610523,"Démographie - Nombre de décès par mois - France (inclus Mayotte à partir de 2014)","Décès"
"183",2018-04-01,762830,"Démographie - Nombre de naissances vivantes par mois - France (inclus Mayotte à partir de 2014)","Naissances"
"184",2018-04-01,611071,"Démographie - Nombre de décès par mois - France (inclus Mayotte à partir de 2014)","Décès"
"185",2018-03-01,764675,"Démographie - Nombre de naissances vivantes par mois - France (inclus Mayotte à partir de 2014)","Naissances"
"186",2018-03-01,607680,"Démographie - Nombre de décès par mois - France (inclus Mayotte à partir de 2014)","Décès"
"187",2018-02-01,766965,"Démographie - Nombre de naissances vivantes par mois - France (inclus Mayotte à partir de 2014)","Naissances"
"188",2018-02-01,597540,"Démographie - Nombre de décès par mois - France (inclus Mayotte à partir de 2014)","Décès"
"189",2018-01-01,769150,"Démographie - Nombre de naissances vivantes par mois - France (inclus Mayotte à partir de 2014)","Naissances"
"190",2018-01-01,597903,"Démographie - Nombre de décès par mois - France (inclus Mayotte à partir de 2014)","Décès"
"191",2017-12-01,769553,"Démographie - Nombre de naissances vivantes par mois - France (inclus Mayotte à partir de 2014)","Naissances"
"192",2017-12-01,606274,"Démographie - Nombre de décès par mois - France (inclus Mayotte à partir de 2014)","Décès"
"193",2017-11-01,769682,"Démographie - Nombre de naissances vivantes par mois - France (inclus Mayotte à partir de 2014)","Naissances"
"194",2017-11-01,606676,"Démographie - Nombre de décès par mois - France (inclus Mayotte à partir de 2014)","Décès"
"195",2017-10-01,769128,"Démographie - Nombre de naissances vivantes par mois - France (inclus Mayotte à partir de 2014)","Naissances"
"196",2017-10-01,606438,"Démographie - Nombre de décès par mois - France (inclus Mayotte à partir de 2014)","Décès"
"197",2017-09-01,769332,"Démographie - Nombre de naissances vivantes par mois - France (inclus Mayotte à partir de 2014)","Naissances"
"198",2017-09-01,607336,"Démographie - Nombre de décès par mois - France (inclus Mayotte à partir de 2014)","Décès"
"199",2017-08-01,771067,"Démographie - Nombre de naissances vivantes par mois - France (inclus Mayotte à partir de 2014)","Naissances"
"200",2017-08-01,606025,"Démographie - Nombre de décès par mois - France (inclus Mayotte à partir de 2014)","Décès"
"201",2017-07-01,771493,"Démographie - Nombre de naissances vivantes par mois - France (inclus Mayotte à partir de 2014)","Naissances"
"202",2017-07-01,605189,"Démographie - Nombre de décès par mois - France (inclus Mayotte à partir de 2014)","Décès"
"203",2017-06-01,773542,"Démographie - Nombre de naissances vivantes par mois - France (inclus Mayotte à partir de 2014)","Naissances"
"204",2017-06-01,605652,"Démographie - Nombre de décès par mois - France (inclus Mayotte à partir de 2014)","Décès"
"205",2017-05-01,776534,"Démographie - Nombre de naissances vivantes par mois - France (inclus Mayotte à partir de 2014)","Naissances"
"206",2017-05-01,605742,"Démographie - Nombre de décès par mois - France (inclus Mayotte à partir de 2014)","Décès"
"207",2017-04-01,776850,"Démographie - Nombre de naissances vivantes par mois - France (inclus Mayotte à partir de 2014)","Naissances"
"208",2017-04-01,605395,"Démographie - Nombre de décès par mois - France (inclus Mayotte à partir de 2014)","Décès"
"209",2017-03-01,776921,"Démographie - Nombre de naissances vivantes par mois - France (inclus Mayotte à partir de 2014)","Naissances"
"210",2017-03-01,607094,"Démographie - Nombre de décès par mois - France (inclus Mayotte à partir de 2014)","Décès"
"211",2017-02-01,777966,"Démographie - Nombre de naissances vivantes par mois - France (inclus Mayotte à partir de 2014)","Naissances"
"212",2017-02-01,610998,"Démographie - Nombre de décès par mois - France (inclus Mayotte à partir de 2014)","Décès"
"213",2017-01-01,781056,"Démographie - Nombre de naissances vivantes par mois - France (inclus Mayotte à partir de 2014)","Naissances"
"214",2017-01-01,607914,"Démographie - Nombre de décès par mois - France (inclus Mayotte à partir de 2014)","Décès"
"215",2016-12-01,783640,"Démographie - Nombre de naissances vivantes par mois - France (inclus Mayotte à partir de 2014)","Naissances"
"216",2016-12-01,593865,"Démographie - Nombre de décès par mois - France (inclus Mayotte à partir de 2014)","Décès"
"217",2016-11-01,786318,"Démographie - Nombre de naissances vivantes par mois - France (inclus Mayotte à partir de 2014)","Naissances"
"218",2016-11-01,587247,"Démographie - Nombre de décès par mois - France (inclus Mayotte à partir de 2014)","Décès"
"219",2016-10-01,787828,"Démographie - Nombre de naissances vivantes par mois - France (inclus Mayotte à partir de 2014)","Naissances"
"220",2016-10-01,584078,"Démographie - Nombre de décès par mois - France (inclus Mayotte à partir de 2014)","Décès"
"221",2016-09-01,789507,"Démographie - Nombre de naissances vivantes par mois - France (inclus Mayotte à partir de 2014)","Naissances"
"222",2016-09-01,583828,"Démographie - Nombre de décès par mois - France (inclus Mayotte à partir de 2014)","Décès"
"223",2016-08-01,791335,"Démographie - Nombre de naissances vivantes par mois - France (inclus Mayotte à partir de 2014)","Naissances"
"224",2016-08-01,583655,"Démographie - Nombre de décès par mois - France (inclus Mayotte à partir de 2014)","Décès"
"225",2016-07-01,791924,"Démographie - Nombre de naissances vivantes par mois - France (inclus Mayotte à partir de 2014)","Naissances"
"226",2016-07-01,583635,"Démographie - Nombre de décès par mois - France (inclus Mayotte à partir de 2014)","Décès"
"227",2016-06-01,791413,"Démographie - Nombre de naissances vivantes par mois - France (inclus Mayotte à partir de 2014)","Naissances"
"228",2016-06-01,583310,"Démographie - Nombre de décès par mois - France (inclus Mayotte à partir de 2014)","Décès"
"229",2016-05-01,792485,"Démographie - Nombre de naissances vivantes par mois - France (inclus Mayotte à partir de 2014)","Naissances"
"230",2016-05-01,583463,"Démographie - Nombre de décès par mois - France (inclus Mayotte à partir de 2014)","Décès"
"231",2016-04-01,794291,"Démographie - Nombre de naissances vivantes par mois - France (inclus Mayotte à partir de 2014)","Naissances"
"232",2016-04-01,581652,"Démographie - Nombre de décès par mois - France (inclus Mayotte à partir de 2014)","Décès"
"233",2016-03-01,796521,"Démographie - Nombre de naissances vivantes par mois - France (inclus Mayotte à partir de 2014)","Naissances"
"234",2016-03-01,580616,"Démographie - Nombre de décès par mois - France (inclus Mayotte à partir de 2014)","Décès"
"235",2016-02-01,797717,"Démographie - Nombre de naissances vivantes par mois - France (inclus Mayotte à partir de 2014)","Naissances"
"236",2016-02-01,581409,"Démographie - Nombre de décès par mois - France (inclus Mayotte à partir de 2014)","Décès"
"237",2016-01-01,797136,"Démographie - Nombre de naissances vivantes par mois - France (inclus Mayotte à partir de 2014)","Naissances"
"238",2016-01-01,589330,"Démographie - Nombre de décès par mois - France (inclus Mayotte à partir de 2014)","Décès"
"239",2015-12-01,798948,"Démographie - Nombre de naissances vivantes par mois - France (inclus Mayotte à partir de 2014)","Naissances"
"240",2015-12-01,593680,"Démographie - Nombre de décès par mois - France (inclus Mayotte à partir de 2014)","Décès"
"241",2015-11-01,800663,"Démographie - Nombre de naissances vivantes par mois - France (inclus Mayotte à partir de 2014)","Naissances"
"242",2015-11-01,595295,"Démographie - Nombre de décès par mois - France (inclus Mayotte à partir de 2014)","Décès"
"243",2015-10-01,801883,"Démographie - Nombre de naissances vivantes par mois - France (inclus Mayotte à partir de 2014)","Naissances"
"244",2015-10-01,595632,"Démographie - Nombre de décès par mois - France (inclus Mayotte à partir de 2014)","Décès"
"245",2015-09-01,803493,"Démographie - Nombre de naissances vivantes par mois - France (inclus Mayotte à partir de 2014)","Naissances"
"246",2015-09-01,591994,"Démographie - Nombre de décès par mois - France (inclus Mayotte à partir de 2014)","Décès"
"247",2015-08-01,805349,"Démographie - Nombre de naissances vivantes par mois - France (inclus Mayotte à partir de 2014)","Naissances"
"248",2015-08-01,590891,"Démographie - Nombre de décès par mois - France (inclus Mayotte à partir de 2014)","Décès"
"249",2015-07-01,806253,"Démographie - Nombre de naissances vivantes par mois - France (inclus Mayotte à partir de 2014)","Naissances"
"250",2015-07-01,589267,"Démographie - Nombre de décès par mois - France (inclus Mayotte à partir de 2014)","Décès"
"251",2015-06-01,807789,"Démographie - Nombre de naissances vivantes par mois - France (inclus Mayotte à partir de 2014)","Naissances"
"252",2015-06-01,587392,"Démographie - Nombre de décès par mois - France (inclus Mayotte à partir de 2014)","Décès"
"253",2015-05-01,808642,"Démographie - Nombre de naissances vivantes par mois - France (inclus Mayotte à partir de 2014)","Naissances"
"254",2015-05-01,585985,"Démographie - Nombre de décès par mois - France (inclus Mayotte à partir de 2014)","Décès"
"255",2015-04-01,808841,"Démographie - Nombre de naissances vivantes par mois - France (inclus Mayotte à partir de 2014)","Naissances"
"256",2015-04-01,585216,"Démographie - Nombre de décès par mois - France (inclus Mayotte à partir de 2014)","Décès"
"257",2015-03-01,809728,"Démographie - Nombre de naissances vivantes par mois - France (inclus Mayotte à partir de 2014)","Naissances"
"258",2015-03-01,583004,"Démographie - Nombre de décès par mois - France (inclus Mayotte à partir de 2014)","Décès"
"259",2015-02-01,813254,"Démographie - Nombre de naissances vivantes par mois - France (inclus Mayotte à partir de 2014)","Naissances"
"260",2015-02-01,577367,"Démographie - Nombre de décès par mois - France (inclus Mayotte à partir de 2014)","Décès"
"261",2015-01-01,816139,"Démographie - Nombre de naissances vivantes par mois - France (inclus Mayotte à partir de 2014)","Naissances"
"262",2015-01-01,566635,"Démographie - Nombre de décès par mois - France (inclus Mayotte à partir de 2014)","Décès"
"263",2014-12-01,818565,"Démographie - Nombre de naissances vivantes par mois - France (inclus Mayotte à partir de 2014)","Naissances"
"264",2014-12-01,559293,"Démographie - Nombre de décès par mois - France (inclus Mayotte à partir de 2014)","Décès"
"265",2014-11-01,819560,"Démographie - Nombre de naissances vivantes par mois - France (inclus Mayotte à partir de 2014)","Naissances"
"266",2014-11-01,557269,"Démographie - Nombre de décès par mois - France (inclus Mayotte à partir de 2014)","Décès"
"267",2014-10-01,820321,"Démographie - Nombre de naissances vivantes par mois - France (inclus Mayotte à partir de 2014)","Naissances"
"268",2014-10-01,555614,"Démographie - Nombre de décès par mois - France (inclus Mayotte à partir de 2014)","Décès"
"269",2014-09-01,820122,"Démographie - Nombre de naissances vivantes par mois - France (inclus Mayotte à partir de 2014)","Naissances"
"270",2014-09-01,555168,"Démographie - Nombre de décès par mois - France (inclus Mayotte à partir de 2014)","Décès"
"271",2014-08-01,819048,"Démographie - Nombre de naissances vivantes par mois - France (inclus Mayotte à partir de 2014)","Naissances"
"272",2014-08-01,554513,"Démographie - Nombre de décès par mois - France (inclus Mayotte à partir de 2014)","Décès"
"273",2014-07-01,820140,"Démographie - Nombre de naissances vivantes par mois - France (inclus Mayotte à partir de 2014)","Naissances"
"274",2014-07-01,552949,"Démographie - Nombre de décès par mois - France (inclus Mayotte à partir de 2014)","Décès"
"275",2014-06-01,821219,"Démographie - Nombre de naissances vivantes par mois - France (inclus Mayotte à partir de 2014)","Naissances"
"276",2014-06-01,553501,"Démographie - Nombre de décès par mois - France (inclus Mayotte à partir de 2014)","Décès"
"277",2014-05-01,819184,"Démographie - Nombre de naissances vivantes par mois - France (inclus Mayotte à partir de 2014)","Naissances"
"278",2014-05-01,553419,"Démographie - Nombre de décès par mois - France (inclus Mayotte à partir de 2014)","Décès"
"279",2014-04-01,819087,"Démographie - Nombre de naissances vivantes par mois - France (inclus Mayotte à partir de 2014)","Naissances"
"280",2014-04-01,553250,"Démographie - Nombre de décès par mois - France (inclus Mayotte à partir de 2014)","Décès"
"281",2014-03-01,818793,"Démographie - Nombre de naissances vivantes par mois - France (inclus Mayotte à partir de 2014)","Naissances"
"282",2014-03-01,554666,"Démographie - Nombre de décès par mois - France (inclus Mayotte à partir de 2014)","Décès"
"283",2014-02-01,816148,"Démographie - Nombre de naissances vivantes par mois - France (inclus Mayotte à partir de 2014)","Naissances"
"284",2014-02-01,559477,"Démographie - Nombre de décès par mois - France (inclus Mayotte à partir de 2014)","Décès"
"285",2014-01-01,813510,"Démographie - Nombre de naissances vivantes par mois - France (inclus Mayotte à partir de 2014)","Naissances"
"286",2014-01-01,564267,"Démographie - Nombre de décès par mois - France (inclus Mayotte à partir de 2014)","Décès"
"287",2013-12-01,811510,"Démographie - Nombre de naissances vivantes par mois - France (inclus Mayotte à partir de 2014)","Naissances"
"288",2013-12-01,569236,"Démographie - Nombre de décès par mois - France (inclus Mayotte à partir de 2014)","Décès"
"289",2013-11-01,810384,"Démographie - Nombre de naissances vivantes par mois - France (inclus Mayotte à partir de 2014)","Naissances"
"290",2013-11-01,570214,"Démographie - Nombre de décès par mois - France (inclus Mayotte à partir de 2014)","Décès"
"291",2013-10-01,811088,"Démographie - Nombre de naissances vivantes par mois - France (inclus Mayotte à partir de 2014)","Naissances"
"292",2013-10-01,571566,"Démographie - Nombre de décès par mois - France (inclus Mayotte à partir de 2014)","Décès"
"293",2013-09-01,813162,"Démographie - Nombre de naissances vivantes par mois - France (inclus Mayotte à partir de 2014)","Naissances"
"294",2013-09-01,572636,"Démographie - Nombre de décès par mois - France (inclus Mayotte à partir de 2014)","Décès"
"295",2013-08-01,813325,"Démographie - Nombre de naissances vivantes par mois - France (inclus Mayotte à partir de 2014)","Naissances"
"296",2013-08-01,571910,"Démographie - Nombre de décès par mois - France (inclus Mayotte à partir de 2014)","Décès"
"297",2013-07-01,813614,"Démographie - Nombre de naissances vivantes par mois - France (inclus Mayotte à partir de 2014)","Naissances"
"298",2013-07-01,572448,"Démographie - Nombre de décès par mois - France (inclus Mayotte à partir de 2014)","Décès"
"299",2013-06-01,812327,"Démographie - Nombre de naissances vivantes par mois - France (inclus Mayotte à partir de 2014)","Naissances"
"300",2013-06-01,571189,"Démographie - Nombre de décès par mois - France (inclus Mayotte à partir de 2014)","Décès"
"301",2013-05-01,812679,"Démographie - Nombre de naissances vivantes par mois - France (inclus Mayotte à partir de 2014)","Naissances"
"302",2013-05-01,570666,"Démographie - Nombre de décès par mois - France (inclus Mayotte à partir de 2014)","Décès"
"303",2013-04-01,813857,"Démographie - Nombre de naissances vivantes par mois - France (inclus Mayotte à partir de 2014)","Naissances"
"304",2013-04-01,571216,"Démographie - Nombre de décès par mois - France (inclus Mayotte à partir de 2014)","Décès"
"305",2013-03-01,815945,"Démographie - Nombre de naissances vivantes par mois - France (inclus Mayotte à partir de 2014)","Naissances"
"306",2013-03-01,571008,"Démographie - Nombre de décès par mois - France (inclus Mayotte à partir de 2014)","Décès"
"307",2013-02-01,818354,"Démographie - Nombre de naissances vivantes par mois - France (inclus Mayotte à partir de 2014)","Naissances"
"308",2013-02-01,570640,"Démographie - Nombre de décès par mois - France (inclus Mayotte à partir de 2014)","Décès"
"309",2013-01-01,821751,"Démographie - Nombre de naissances vivantes par mois - France (inclus Mayotte à partir de 2014)","Naissances"
"310",2013-01-01,573669,"Démographie - Nombre de décès par mois - France (inclus Mayotte à partir de 2014)","Décès"
"311",2012-12-01,821047,"Démographie - Nombre de naissances vivantes par mois - France (inclus Mayotte à partir de 2014)","Naissances"
"312",2012-12-01,569868,"Démographie - Nombre de décès par mois - France (inclus Mayotte à partir de 2014)","Décès"
"313",2012-11-01,821233,"Démographie - Nombre de naissances vivantes par mois - France (inclus Mayotte à partir de 2014)","Naissances"
"314",2012-11-01,567953,"Démographie - Nombre de décès par mois - France (inclus Mayotte à partir de 2014)","Décès"
"315",2012-10-01,820622,"Démographie - Nombre de naissances vivantes par mois - France (inclus Mayotte à partir de 2014)","Naissances"
"316",2012-10-01,566351,"Démographie - Nombre de décès par mois - France (inclus Mayotte à partir de 2014)","Décès"
"317",2012-09-01,817987,"Démographie - Nombre de naissances vivantes par mois - France (inclus Mayotte à partir de 2014)","Naissances"
"318",2012-09-01,565081,"Démographie - Nombre de décès par mois - France (inclus Mayotte à partir de 2014)","Décès"
"319",2012-08-01,818283,"Démographie - Nombre de naissances vivantes par mois - France (inclus Mayotte à partir de 2014)","Naissances"
"320",2012-08-01,564988,"Démographie - Nombre de décès par mois - France (inclus Mayotte à partir de 2014)","Décès"
"321",2012-07-01,819201,"Démographie - Nombre de naissances vivantes par mois - France (inclus Mayotte à partir de 2014)","Naissances"
"322",2012-07-01,564574,"Démographie - Nombre de décès par mois - France (inclus Mayotte à partir de 2014)","Décès"
"323",2012-06-01,820589,"Démographie - Nombre de naissances vivantes par mois - France (inclus Mayotte à partir de 2014)","Naissances"
"324",2012-06-01,563369,"Démographie - Nombre de décès par mois - France (inclus Mayotte à partir de 2014)","Décès"
"325",2012-05-01,823468,"Démographie - Nombre de naissances vivantes par mois - France (inclus Mayotte à partir de 2014)","Naissances"
"326",2012-05-01,563045,"Démographie - Nombre de décès par mois - France (inclus Mayotte à partir de 2014)","Décès"
"327",2012-04-01,824724,"Démographie - Nombre de naissances vivantes par mois - France (inclus Mayotte à partir de 2014)","Naissances"
"328",2012-04-01,561376,"Démographie - Nombre de décès par mois - France (inclus Mayotte à partir de 2014)","Décès"
"329",2012-03-01,823784,"Démographie - Nombre de naissances vivantes par mois - France (inclus Mayotte à partir de 2014)","Naissances"
"330",2012-03-01,558627,"Démographie - Nombre de décès par mois - France (inclus Mayotte à partir de 2014)","Décès"
"331",2012-02-01,823527,"Démographie - Nombre de naissances vivantes par mois - France (inclus Mayotte à partir de 2014)","Naissances"
"332",2012-02-01,552628,"Démographie - Nombre de décès par mois - France (inclus Mayotte à partir de 2014)","Décès"
"333",2012-01-01,822030,"Démographie - Nombre de naissances vivantes par mois - France (inclus Mayotte à partir de 2014)","Naissances"
"334",2012-01-01,544346,"Démographie - Nombre de décès par mois - France (inclus Mayotte à partir de 2014)","Décès"
"335",2011-12-01,823394,"Démographie - Nombre de naissances vivantes par mois - France (inclus Mayotte à partir de 2014)","Naissances"
"336",2011-12-01,545057,"Démographie - Nombre de décès par mois - France (inclus Mayotte à partir de 2014)","Décès"
"337",2011-11-01,825292,"Démographie - Nombre de naissances vivantes par mois - France (inclus Mayotte à partir de 2014)","Naissances"
"338",2011-11-01,547065,"Démographie - Nombre de décès par mois - France (inclus Mayotte à partir de 2014)","Décès"
"339",2011-10-01,827554,"Démographie - Nombre de naissances vivantes par mois - France (inclus Mayotte à partir de 2014)","Naissances"
"340",2011-10-01,547131,"Démographie - Nombre de décès par mois - France (inclus Mayotte à partir de 2014)","Décès"
"341",2011-09-01,830390,"Démographie - Nombre de naissances vivantes par mois - France (inclus Mayotte à partir de 2014)","Naissances"
"342",2011-09-01,548287,"Démographie - Nombre de décès par mois - France (inclus Mayotte à partir de 2014)","Décès"
"343",2011-08-01,831170,"Démographie - Nombre de naissances vivantes par mois - France (inclus Mayotte à partir de 2014)","Naissances"
"344",2011-08-01,548848,"Démographie - Nombre de décès par mois - France (inclus Mayotte à partir de 2014)","Décès"
"345",2011-07-01,830426,"Démographie - Nombre de naissances vivantes par mois - France (inclus Mayotte à partir de 2014)","Naissances"
"346",2011-07-01,548630,"Démographie - Nombre de décès par mois - France (inclus Mayotte à partir de 2014)","Décès"
"347",2011-06-01,830103,"Démographie - Nombre de naissances vivantes par mois - France (inclus Mayotte à partir de 2014)","Naissances"
"348",2011-06-01,549585,"Démographie - Nombre de décès par mois - France (inclus Mayotte à partir de 2014)","Décès"
"349",2011-05-01,828808,"Démographie - Nombre de naissances vivantes par mois - France (inclus Mayotte à partir de 2014)","Naissances"
"350",2011-05-01,549859,"Démographie - Nombre de décès par mois - France (inclus Mayotte à partir de 2014)","Décès"
"351",2011-04-01,827995,"Démographie - Nombre de naissances vivantes par mois - France (inclus Mayotte à partir de 2014)","Naissances"
"352",2011-04-01,550443,"Démographie - Nombre de décès par mois - France (inclus Mayotte à partir de 2014)","Décès"
"353",2011-03-01,829879,"Démographie - Nombre de naissances vivantes par mois - France (inclus Mayotte à partir de 2014)","Naissances"
"354",2011-03-01,551143,"Démographie - Nombre de décès par mois - France (inclus Mayotte à partir de 2014)","Décès"
"355",2011-02-01,831266,"Démographie - Nombre de naissances vivantes par mois - France (inclus Mayotte à partir de 2014)","Naissances"
"356",2011-02-01,551806,"Démographie - Nombre de décès par mois - France (inclus Mayotte à partir de 2014)","Décès"
"357",2011-01-01,832257,"Démographie - Nombre de naissances vivantes par mois - France (inclus Mayotte à partir de 2014)","Naissances"
"358",2011-01-01,552210,"Démographie - Nombre de décès par mois - France (inclus Mayotte à partir de 2014)","Décès"
"359",2010-12-01,832799,"Démographie - Nombre de naissances vivantes par mois - France (inclus Mayotte à partir de 2014)","Naissances"
"360",2010-12-01,551218,"Démographie - Nombre de décès par mois - France (inclus Mayotte à partir de 2014)","Décès"
"361",2010-11-01,833257,"Démographie - Nombre de naissances vivantes par mois - France (inclus Mayotte à partir de 2014)","Naissances"
"362",2010-11-01,548981,"Démographie - Nombre de décès par mois - France (inclus Mayotte à partir de 2014)","Décès"
"363",2010-10-01,831640,"Démographie - Nombre de naissances vivantes par mois - France (inclus Mayotte à partir de 2014)","Naissances"
"364",2010-10-01,547925,"Démographie - Nombre de décès par mois - France (inclus Mayotte à partir de 2014)","Décès"
"365",2010-09-01,829291,"Démographie - Nombre de naissances vivantes par mois - France (inclus Mayotte à partir de 2014)","Naissances"
"366",2010-09-01,546772,"Démographie - Nombre de décès par mois - France (inclus Mayotte à partir de 2014)","Décès"
"367",2010-08-01,829386,"Démographie - Nombre de naissances vivantes par mois - France (inclus Mayotte à partir de 2014)","Naissances"
"368",2010-08-01,545081,"Démographie - Nombre de décès par mois - France (inclus Mayotte à partir de 2014)","Décès"
"369",2010-07-01,828898,"Démographie - Nombre de naissances vivantes par mois - France (inclus Mayotte à partir de 2014)","Naissances"
"370",2010-07-01,544605,"Démographie - Nombre de décès par mois - France (inclus Mayotte à partir de 2014)","Décès"
"371",2010-06-01,830002,"Démographie - Nombre de naissances vivantes par mois - France (inclus Mayotte à partir de 2014)","Naissances"
"372",2010-06-01,543194,"Démographie - Nombre de décès par mois - France (inclus Mayotte à partir de 2014)","Décès"
"373",2010-05-01,829646,"Démographie - Nombre de naissances vivantes par mois - France (inclus Mayotte à partir de 2014)","Naissances"
"374",2010-05-01,542258,"Démographie - Nombre de décès par mois - France (inclus Mayotte à partir de 2014)","Décès"
"375",2010-04-01,828849,"Démographie - Nombre de naissances vivantes par mois - France (inclus Mayotte à partir de 2014)","Naissances"
"376",2010-04-01,541210,"Démographie - Nombre de décès par mois - France (inclus Mayotte à partir de 2014)","Décès"
"377",2010-03-01,828467,"Démographie - Nombre de naissances vivantes par mois - France (inclus Mayotte à partir de 2014)","Naissances"
"378",2010-03-01,540892,"Démographie - Nombre de décès par mois - France (inclus Mayotte à partir de 2014)","Décès"
"379",2010-02-01,827134,"Démographie - Nombre de naissances vivantes par mois - France (inclus Mayotte à partir de 2014)","Naissances"
"380",2010-02-01,539718,"Démographie - Nombre de décès par mois - France (inclus Mayotte à partir de 2014)","Décès"
"381",2010-01-01,824865,"Démographie - Nombre de naissances vivantes par mois - France (inclus Mayotte à partir de 2014)","Naissances"
"382",2010-01-01,540627,"Démographie - Nombre de décès par mois - France (inclus Mayotte à partir de 2014)","Décès"
"383",2009-12-01,824641,"Démographie - Nombre de naissances vivantes par mois - France (inclus Mayotte à partir de 2014)","Naissances"
"384",2009-12-01,548541,"Démographie - Nombre de décès par mois - France (inclus Mayotte à partir de 2014)","Décès"
"385",2009-11-01,822566,"Démographie - Nombre de naissances vivantes par mois - France (inclus Mayotte à partir de 2014)","Naissances"
"386",2009-11-01,549668,"Démographie - Nombre de décès par mois - France (inclus Mayotte à partir de 2014)","Décès"
"387",2009-10-01,821366,"Démographie - Nombre de naissances vivantes par mois - France (inclus Mayotte à partir de 2014)","Naissances"
"388",2009-10-01,549246,"Démographie - Nombre de décès par mois - France (inclus Mayotte à partir de 2014)","Décès"
"389",2009-09-01,821209,"Démographie - Nombre de naissances vivantes par mois - France (inclus Mayotte à partir de 2014)","Naissances"
"390",2009-09-01,548604,"Démographie - Nombre de décès par mois - France (inclus Mayotte à partir de 2014)","Décès"
"391",2009-08-01,821076,"Démographie - Nombre de naissances vivantes par mois - France (inclus Mayotte à partir de 2014)","Naissances"
"392",2009-08-01,548694,"Démographie - Nombre de décès par mois - France (inclus Mayotte à partir de 2014)","Décès"
"393",2009-07-01,820776,"Démographie - Nombre de naissances vivantes par mois - France (inclus Mayotte à partir de 2014)","Naissances"
"394",2009-07-01,548108,"Démographie - Nombre de décès par mois - France (inclus Mayotte à partir de 2014)","Décès"
"395",2009-06-01,820296,"Démographie - Nombre de naissances vivantes par mois - France (inclus Mayotte à partir de 2014)","Naissances"
"396",2009-06-01,548730,"Démographie - Nombre de décès par mois - France (inclus Mayotte à partir de 2014)","Décès"
"397",2009-05-01,820578,"Démographie - Nombre de naissances vivantes par mois - France (inclus Mayotte à partir de 2014)","Naissances"
"398",2009-05-01,548682,"Démographie - Nombre de décès par mois - France (inclus Mayotte à partir de 2014)","Décès"
"399",2009-04-01,823380,"Démographie - Nombre de naissances vivantes par mois - France (inclus Mayotte à partir de 2014)","Naissances"
"400",2009-04-01,548832,"Démographie - Nombre de décès par mois - France (inclus Mayotte à partir de 2014)","Décès"
"401",2009-03-01,825768,"Démographie - Nombre de naissances vivantes par mois - France (inclus Mayotte à partir de 2014)","Naissances"
"402",2009-03-01,549948,"Démographie - Nombre de décès par mois - France (inclus Mayotte à partir de 2014)","Décès"
"403",2009-02-01,825403,"Démographie - Nombre de naissances vivantes par mois - France (inclus Mayotte à partir de 2014)","Naissances"
"404",2009-02-01,550535,"Démographie - Nombre de décès par mois - France (inclus Mayotte à partir de 2014)","Décès"
"405",2009-01-01,827892,"Démographie - Nombre de naissances vivantes par mois - France (inclus Mayotte à partir de 2014)","Naissances"
"406",2009-01-01,549718,"Démographie - Nombre de décès par mois - France (inclus Mayotte à partir de 2014)","Décès"
"407",2008-12-01,828404,"Démographie - Nombre de naissances vivantes par mois - France (inclus Mayotte à partir de 2014)","Naissances"
"408",2008-12-01,542575,"Démographie - Nombre de décès par mois - France (inclus Mayotte à partir de 2014)","Décès"
"409",2008-11-01,828915,"Démographie - Nombre de naissances vivantes par mois - France (inclus Mayotte à partir de 2014)","Naissances"
"410",2008-11-01,541361,"Démographie - Nombre de décès par mois - France (inclus Mayotte à partir de 2014)","Décès"
"411",2008-10-01,829861,"Démographie - Nombre de naissances vivantes par mois - France (inclus Mayotte à partir de 2014)","Naissances"
"412",2008-10-01,543135,"Démographie - Nombre de décès par mois - France (inclus Mayotte à partir de 2014)","Décès"
"413",2008-09-01,831033,"Démographie - Nombre de naissances vivantes par mois - France (inclus Mayotte à partir de 2014)","Naissances"
"414",2008-09-01,543306,"Démographie - Nombre de décès par mois - France (inclus Mayotte à partir de 2014)","Décès"
"415",2008-08-01,829701,"Démographie - Nombre de naissances vivantes par mois - France (inclus Mayotte à partir de 2014)","Naissances"
"416",2008-08-01,542828,"Démographie - Nombre de décès par mois - France (inclus Mayotte à partir de 2014)","Décès"
"417",2008-07-01,830140,"Démographie - Nombre de naissances vivantes par mois - France (inclus Mayotte à partir de 2014)","Naissances"
"418",2008-07-01,542344,"Démographie - Nombre de décès par mois - France (inclus Mayotte à partir de 2014)","Décès"
"419",2008-06-01,828336,"Démographie - Nombre de naissances vivantes par mois - France (inclus Mayotte à partir de 2014)","Naissances"
"420",2008-06-01,542237,"Démographie - Nombre de décès par mois - France (inclus Mayotte à partir de 2014)","Décès"
"421",2008-05-01,827160,"Démographie - Nombre de naissances vivantes par mois - France (inclus Mayotte à partir de 2014)","Naissances"
"422",2008-05-01,541320,"Démographie - Nombre de décès par mois - France (inclus Mayotte à partir de 2014)","Décès"
"423",2008-04-01,825134,"Démographie - Nombre de naissances vivantes par mois - France (inclus Mayotte à partir de 2014)","Naissances"
"424",2008-04-01,539403,"Démographie - Nombre de décès par mois - France (inclus Mayotte à partir de 2014)","Décès"
"425",2008-03-01,820232,"Démographie - Nombre de naissances vivantes par mois - France (inclus Mayotte à partir de 2014)","Naissances"
"426",2008-03-01,537099,"Démographie - Nombre de décès par mois - France (inclus Mayotte à partir de 2014)","Décès"
"427",2008-02-01,820650,"Démographie - Nombre de naissances vivantes par mois - France (inclus Mayotte à partir de 2014)","Naissances"
"428",2008-02-01,535536,"Démographie - Nombre de décès par mois - France (inclus Mayotte à partir de 2014)","Décès"
"429",2008-01-01,819291,"Démographie - Nombre de naissances vivantes par mois - France (inclus Mayotte à partir de 2014)","Naissances"
"430",2008-01-01,533873,"Démographie - Nombre de décès par mois - France (inclus Mayotte à partir de 2014)","Décès"
"431",2007-12-01,818705,"Démographie - Nombre de naissances vivantes par mois - France (inclus Mayotte à partir de 2014)","Naissances"
"432",2007-12-01,531162,"Démographie - Nombre de décès par mois - France (inclus Mayotte à partir de 2014)","Décès"
"433",2007-11-01,818249,"Démographie - Nombre de naissances vivantes par mois - France (inclus Mayotte à partir de 2014)","Naissances"
"434",2007-11-01,528626,"Démographie - Nombre de décès par mois - France (inclus Mayotte à partir de 2014)","Décès"
"435",2007-10-01,819139,"Démographie - Nombre de naissances vivantes par mois - France (inclus Mayotte à partir de 2014)","Naissances"
"436",2007-10-01,526188,"Démographie - Nombre de décès par mois - France (inclus Mayotte à partir de 2014)","Décès"
"437",2007-09-01,820605,"Démographie - Nombre de naissances vivantes par mois - France (inclus Mayotte à partir de 2014)","Naissances"
"438",2007-09-01,524214,"Démographie - Nombre de décès par mois - France (inclus Mayotte à partir de 2014)","Décès"
"439",2007-08-01,823269,"Démographie - Nombre de naissances vivantes par mois - France (inclus Mayotte à partir de 2014)","Naissances"
"440",2007-08-01,524790,"Démographie - Nombre de décès par mois - France (inclus Mayotte à partir de 2014)","Décès"
"441",2007-07-01,824025,"Démographie - Nombre de naissances vivantes par mois - France (inclus Mayotte à partir de 2014)","Naissances"
"442",2007-07-01,524856,"Démographie - Nombre de décès par mois - France (inclus Mayotte à partir de 2014)","Décès"
"443",2007-06-01,825169,"Démographie - Nombre de naissances vivantes par mois - France (inclus Mayotte à partir de 2014)","Naissances"
"444",2007-06-01,526175,"Démographie - Nombre de décès par mois - France (inclus Mayotte à partir de 2014)","Décès"
"445",2007-05-01,827280,"Démographie - Nombre de naissances vivantes par mois - France (inclus Mayotte à partir de 2014)","Naissances"
"446",2007-05-01,527131,"Démographie - Nombre de décès par mois - France (inclus Mayotte à partir de 2014)","Décès"
"447",2007-04-01,829646,"Démographie - Nombre de naissances vivantes par mois - France (inclus Mayotte à partir de 2014)","Naissances"
"448",2007-04-01,527639,"Démographie - Nombre de décès par mois - France (inclus Mayotte à partir de 2014)","Décès"
"449",2007-03-01,830369,"Démographie - Nombre de naissances vivantes par mois - France (inclus Mayotte à partir de 2014)","Naissances"
"450",2007-03-01,526918,"Démographie - Nombre de décès par mois - France (inclus Mayotte à partir de 2014)","Décès"
"451",2007-02-01,831024,"Démographie - Nombre de naissances vivantes par mois - France (inclus Mayotte à partir de 2014)","Naissances"
"452",2007-02-01,527575,"Démographie - Nombre de décès par mois - France (inclus Mayotte à partir de 2014)","Décès"
"453",2007-01-01,830923,"Démographie - Nombre de naissances vivantes par mois - France (inclus Mayotte à partir de 2014)","Naissances"
"454",2007-01-01,526856,"Démographie - Nombre de décès par mois - France (inclus Mayotte à partir de 2014)","Décès"
"455",2006-12-01,829352,"Démographie - Nombre de naissances vivantes par mois - France (inclus Mayotte à partir de 2014)","Naissances"
"456",2006-12-01,526920,"Démographie - Nombre de décès par mois - France (inclus Mayotte à partir de 2014)","Décès"
"457",2006-11-01,828783,"Démographie - Nombre de naissances vivantes par mois - France (inclus Mayotte à partir de 2014)","Naissances"
"458",2006-11-01,528201,"Démographie - Nombre de décès par mois - France (inclus Mayotte à partir de 2014)","Décès"
"459",2006-10-01,826763,"Démographie - Nombre de naissances vivantes par mois - France (inclus Mayotte à partir de 2014)","Naissances"
"460",2006-10-01,528018,"Démographie - Nombre de décès par mois - France (inclus Mayotte à partir de 2014)","Décès"
"461",2006-09-01,823656,"Démographie - Nombre de naissances vivantes par mois - France (inclus Mayotte à partir de 2014)","Naissances"
"462",2006-09-01,528070,"Démographie - Nombre de décès par mois - France (inclus Mayotte à partir de 2014)","Décès"
"463",2006-08-01,820963,"Démographie - Nombre de naissances vivantes par mois - France (inclus Mayotte à partir de 2014)","Naissances"
"464",2006-08-01,526800,"Démographie - Nombre de décès par mois - France (inclus Mayotte à partir de 2014)","Décès"
"465",2006-07-01,818858,"Démographie - Nombre de naissances vivantes par mois - France (inclus Mayotte à partir de 2014)","Naissances"
"466",2006-07-01,525561,"Démographie - Nombre de décès par mois - France (inclus Mayotte à partir de 2014)","Décès"
"467",2006-06-01,815707,"Démographie - Nombre de naissances vivantes par mois - France (inclus Mayotte à partir de 2014)","Naissances"
"468",2006-06-01,522197,"Démographie - Nombre de décès par mois - France (inclus Mayotte à partir de 2014)","Décès"
"469",2006-05-01,813131,"Démographie - Nombre de naissances vivantes par mois - France (inclus Mayotte à partir de 2014)","Naissances"
"470",2006-05-01,522169,"Démographie - Nombre de décès par mois - France (inclus Mayotte à partir de 2014)","Décès"
"471",2006-04-01,809334,"Démographie - Nombre de naissances vivantes par mois - France (inclus Mayotte à partir de 2014)","Naissances"
"472",2006-04-01,523061,"Démographie - Nombre de décès par mois - France (inclus Mayotte à partir de 2014)","Décès"
"473",2006-03-01,809999,"Démographie - Nombre de naissances vivantes par mois - France (inclus Mayotte à partir de 2014)","Naissances"
"474",2006-03-01,524870,"Démographie - Nombre de décès par mois - France (inclus Mayotte à partir de 2014)","Décès"
"475",2006-02-01,808673,"Démographie - Nombre de naissances vivantes par mois - France (inclus Mayotte à partir de 2014)","Naissances"
"476",2006-02-01,532217,"Démographie - Nombre de décès par mois - France (inclus Mayotte à partir de 2014)","Décès"
"477",2006-01-01,807672,"Démographie - Nombre de naissances vivantes par mois - France (inclus Mayotte à partir de 2014)","Naissances"
"478",2006-01-01,539038,"Démographie - Nombre de décès par mois - France (inclus Mayotte à partir de 2014)","Décès"
"479",2005-12-01,806822,"Démographie - Nombre de naissances vivantes par mois - France (inclus Mayotte à partir de 2014)","Naissances"
"480",2005-12-01,538081,"Démographie - Nombre de décès par mois - France (inclus Mayotte à partir de 2014)","Décès"
"481",2005-11-01,806973,"Démographie - Nombre de naissances vivantes par mois - France (inclus Mayotte à partir de 2014)","Naissances"
"482",2005-11-01,537300,"Démographie - Nombre de décès par mois - France (inclus Mayotte à partir de 2014)","Décès"
"483",2005-10-01,808217,"Démographie - Nombre de naissances vivantes par mois - France (inclus Mayotte à partir de 2014)","Naissances"
"484",2005-10-01,536824,"Démographie - Nombre de décès par mois - France (inclus Mayotte à partir de 2014)","Décès"
"485",2005-09-01,808081,"Démographie - Nombre de naissances vivantes par mois - France (inclus Mayotte à partir de 2014)","Naissances"
"486",2005-09-01,536969,"Démographie - Nombre de décès par mois - France (inclus Mayotte à partir de 2014)","Décès"
"487",2005-08-01,806878,"Démographie - Nombre de naissances vivantes par mois - France (inclus Mayotte à partir de 2014)","Naissances"
"488",2005-08-01,537288,"Démographie - Nombre de décès par mois - France (inclus Mayotte à partir de 2014)","Décès"
"489",2005-07-01,805578,"Démographie - Nombre de naissances vivantes par mois - France (inclus Mayotte à partir de 2014)","Naissances"
"490",2005-07-01,537491,"Démographie - Nombre de décès par mois - France (inclus Mayotte à partir de 2014)","Décès"
"491",2005-06-01,807789,"Démographie - Nombre de naissances vivantes par mois - France (inclus Mayotte à partir de 2014)","Naissances"
"492",2005-06-01,537599,"Démographie - Nombre de décès par mois - France (inclus Mayotte à partir de 2014)","Décès"
"493",2005-05-01,807236,"Démographie - Nombre de naissances vivantes par mois - France (inclus Mayotte à partir de 2014)","Naissances"
"494",2005-05-01,535870,"Démographie - Nombre de décès par mois - France (inclus Mayotte à partir de 2014)","Décès"
"495",2005-04-01,803317,"Démographie - Nombre de naissances vivantes par mois - France (inclus Mayotte à partir de 2014)","Naissances"
"496",2005-04-01,534648,"Démographie - Nombre de décès par mois - France (inclus Mayotte à partir de 2014)","Décès"
"497",2005-03-01,802015,"Démographie - Nombre de naissances vivantes par mois - France (inclus Mayotte à partir de 2014)","Naissances"
"498",2005-03-01,532655,"Démographie - Nombre de décès par mois - France (inclus Mayotte à partir de 2014)","Décès"
"499",2005-02-01,798880,"Démographie - Nombre de naissances vivantes par mois - France (inclus Mayotte à partir de 2014)","Naissances"
"500",2005-02-01,524200,"Démographie - Nombre de décès par mois - France (inclus Mayotte à partir de 2014)","Décès"
"501",2005-01-01,799254,"Démographie - Nombre de naissances vivantes par mois - France (inclus Mayotte à partir de 2014)","Naissances"
"502",2005-01-01,517319,"Démographie - Nombre de décès par mois - France (inclus Mayotte à partir de 2014)","Décès"
"503",2004-12-01,799361,"Démographie - Nombre de naissances vivantes par mois - France (inclus Mayotte à partir de 2014)","Naissances"
"504",2004-12-01,519470,"Démographie - Nombre de décès par mois - France (inclus Mayotte à partir de 2014)","Décès"
"505",2004-11-01,797751,"Démographie - Nombre de naissances vivantes par mois - France (inclus Mayotte à partir de 2014)","Naissances"
"506",2004-11-01,523644,"Démographie - Nombre de décès par mois - France (inclus Mayotte à partir de 2014)","Décès"
"507",2004-10-01,794768,"Démographie - Nombre de naissances vivantes par mois - France (inclus Mayotte à partir de 2014)","Naissances"
"508",2004-10-01,526129,"Démographie - Nombre de décès par mois - France (inclus Mayotte à partir de 2014)","Décès"
"509",2004-09-01,792760,"Démographie - Nombre de naissances vivantes par mois - France (inclus Mayotte à partir de 2014)","Naissances"
"510",2004-09-01,527245,"Démographie - Nombre de décès par mois - France (inclus Mayotte à partir de 2014)","Décès"
"511",2004-08-01,791058,"Démographie - Nombre de naissances vivantes par mois - France (inclus Mayotte à partir de 2014)","Naissances"
"512",2004-08-01,529052,"Démographie - Nombre de décès par mois - France (inclus Mayotte à partir de 2014)","Décès"
"513",2004-07-01,789285,"Démographie - Nombre de naissances vivantes par mois - France (inclus Mayotte à partir de 2014)","Naissances"
"514",2004-07-01,546542,"Démographie - Nombre de décès par mois - France (inclus Mayotte à partir de 2014)","Décès"
"515",2004-06-01,788090,"Démographie - Nombre de naissances vivantes par mois - France (inclus Mayotte à partir de 2014)","Naissances"
"516",2004-06-01,550405,"Démographie - Nombre de décès par mois - France (inclus Mayotte à partir de 2014)","Décès"
"517",2004-05-01,787027,"Démographie - Nombre de naissances vivantes par mois - France (inclus Mayotte à partir de 2014)","Naissances"
"518",2004-05-01,553917,"Démographie - Nombre de décès par mois - France (inclus Mayotte à partir de 2014)","Décès"
"519",2004-04-01,791442,"Démographie - Nombre de naissances vivantes par mois - France (inclus Mayotte à partir de 2014)","Naissances"
"520",2004-04-01,555566,"Démographie - Nombre de décès par mois - France (inclus Mayotte à partir de 2014)","Décès"
"521",2004-03-01,792860,"Démographie - Nombre de naissances vivantes par mois - France (inclus Mayotte à partir de 2014)","Naissances"
"522",2004-03-01,558630,"Démographie - Nombre de décès par mois - France (inclus Mayotte à partir de 2014)","Décès"
"523",2004-02-01,794301,"Démographie - Nombre de naissances vivantes par mois - France (inclus Mayotte à partir de 2014)","Naissances"
"524",2004-02-01,560780,"Démographie - Nombre de décès par mois - France (inclus Mayotte à partir de 2014)","Décès"
"525",2004-01-01,793187,"Démographie - Nombre de naissances vivantes par mois - France (inclus Mayotte à partir de 2014)","Naissances"
"526",2004-01-01,561986,"Démographie - Nombre de décès par mois - France (inclus Mayotte à partir de 2014)","Décès"
"527",2003-12-01,793044,"Démographie - Nombre de naissances vivantes par mois - France (inclus Mayotte à partir de 2014)","Naissances"
"528",2003-12-01,562467,"Démographie - Nombre de décès par mois - France (inclus Mayotte à partir de 2014)","Décès"
"529",2003-11-01,792937,"Démographie - Nombre de naissances vivantes par mois - France (inclus Mayotte à partir de 2014)","Naissances"
"530",2003-11-01,559325,"Démographie - Nombre de décès par mois - France (inclus Mayotte à partir de 2014)","Décès"
"531",2003-10-01,792506,"Démographie - Nombre de naissances vivantes par mois - France (inclus Mayotte à partir de 2014)","Naissances"
"532",2003-10-01,558505,"Démographie - Nombre de décès par mois - France (inclus Mayotte à partir de 2014)","Décès"
"533",2003-09-01,794103,"Démographie - Nombre de naissances vivantes par mois - France (inclus Mayotte à partir de 2014)","Naissances"
"534",2003-09-01,558877,"Démographie - Nombre de décès par mois - France (inclus Mayotte à partir de 2014)","Décès"
"535",2003-08-01,794626,"Démographie - Nombre de naissances vivantes par mois - France (inclus Mayotte à partir de 2014)","Naissances"
"536",2003-08-01,558085,"Démographie - Nombre de décès par mois - France (inclus Mayotte à partir de 2014)","Décès"
"537",2003-07-01,796302,"Démographie - Nombre de naissances vivantes par mois - France (inclus Mayotte à partir de 2014)","Naissances"
"538",2003-07-01,541963,"Démographie - Nombre de décès par mois - France (inclus Mayotte à partir de 2014)","Décès"
"539",2003-06-01,796613,"Démographie - Nombre de naissances vivantes par mois - France (inclus Mayotte à partir de 2014)","Naissances"
"540",2003-06-01,540477,"Démographie - Nombre de décès par mois - France (inclus Mayotte à partir de 2014)","Décès"
"541",2003-05-01,796484,"Démographie - Nombre de naissances vivantes par mois - France (inclus Mayotte à partir de 2014)","Naissances"
"542",2003-05-01,540081,"Démographie - Nombre de décès par mois - France (inclus Mayotte à partir de 2014)","Décès"
"543",2003-04-01,795071,"Démographie - Nombre de naissances vivantes par mois - France (inclus Mayotte à partir de 2014)","Naissances"
"544",2003-04-01,540081,"Démographie - Nombre de décès par mois - France (inclus Mayotte à partir de 2014)","Décès"
"545",2003-03-01,794239,"Démographie - Nombre de naissances vivantes par mois - France (inclus Mayotte à partir de 2014)","Naissances"
"546",2003-03-01,539577,"Démographie - Nombre de décès par mois - France (inclus Mayotte à partir de 2014)","Décès"
"547",2003-02-01,793776,"Démographie - Nombre de naissances vivantes par mois - France (inclus Mayotte à partir de 2014)","Naissances"
"548",2003-02-01,539267,"Démographie - Nombre de décès par mois - France (inclus Mayotte à partir de 2014)","Décès"
"549",2003-01-01,792764,"Démographie - Nombre de naissances vivantes par mois - France (inclus Mayotte à partir de 2014)","Naissances"
"550",2003-01-01,540497,"Démographie - Nombre de décès par mois - France (inclus Mayotte à partir de 2014)","Décès"
"551",2002-12-01,792745,"Démographie - Nombre de naissances vivantes par mois - France (inclus Mayotte à partir de 2014)","Naissances"
"552",2002-12-01,545241,"Démographie - Nombre de décès par mois - France (inclus Mayotte à partir de 2014)","Décès"
"553",2002-11-01,791380,"Démographie - Nombre de naissances vivantes par mois - France (inclus Mayotte à partir de 2014)","Naissances"
"554",2002-11-01,546804,"Démographie - Nombre de décès par mois - France (inclus Mayotte à partir de 2014)","Décès"
"555",2002-10-01,792961,"Démographie - Nombre de naissances vivantes par mois - France (inclus Mayotte à partir de 2014)","Naissances"
"556",2002-10-01,548246,"Démographie - Nombre de décès par mois - France (inclus Mayotte à partir de 2014)","Décès"
"557",2002-09-01,793222,"Démographie - Nombre de naissances vivantes par mois - France (inclus Mayotte à partir de 2014)","Naissances"
"558",2002-09-01,547148,"Démographie - Nombre de décès par mois - France (inclus Mayotte à partir de 2014)","Décès"
"559",2002-08-01,792601,"Démographie - Nombre de naissances vivantes par mois - France (inclus Mayotte à partir de 2014)","Naissances"
"560",2002-08-01,547766,"Démographie - Nombre de décès par mois - France (inclus Mayotte à partir de 2014)","Décès"
"561",2002-07-01,792970,"Démographie - Nombre de naissances vivantes par mois - France (inclus Mayotte à partir de 2014)","Naissances"
"562",2002-07-01,549838,"Démographie - Nombre de décès par mois - France (inclus Mayotte à partir de 2014)","Décès"
"563",2002-06-01,793763,"Démographie - Nombre de naissances vivantes par mois - France (inclus Mayotte à partir de 2014)","Naissances"
"564",2002-06-01,550759,"Démographie - Nombre de décès par mois - France (inclus Mayotte à partir de 2014)","Décès"
"565",2002-05-01,794998,"Démographie - Nombre de naissances vivantes par mois - France (inclus Mayotte à partir de 2014)","Naissances"
"566",2002-05-01,550484,"Démographie - Nombre de décès par mois - France (inclus Mayotte à partir de 2014)","Décès"
"567",2002-04-01,798364,"Démographie - Nombre de naissances vivantes par mois - France (inclus Mayotte à partir de 2014)","Naissances"
"568",2002-04-01,551766,"Démographie - Nombre de décès par mois - France (inclus Mayotte à partir de 2014)","Décès"
"569",2002-03-01,799584,"Démographie - Nombre de naissances vivantes par mois - France (inclus Mayotte à partir de 2014)","Naissances"
"570",2002-03-01,551345,"Démographie - Nombre de décès par mois - France (inclus Mayotte à partir de 2014)","Décès"
"571",2002-02-01,801689,"Démographie - Nombre de naissances vivantes par mois - France (inclus Mayotte à partir de 2014)","Naissances"
"572",2002-02-01,550653,"Démographie - Nombre de décès par mois - France (inclus Mayotte à partir de 2014)","Décès"
"573",2002-01-01,802090,"Démographie - Nombre de naissances vivantes par mois - France (inclus Mayotte à partir de 2014)","Naissances"
"574",2002-01-01,547233,"Démographie - Nombre de décès par mois - France (inclus Mayotte à partir de 2014)","Décès"
"575",2001-12-01,803234,"Démographie - Nombre de naissances vivantes par mois - France (inclus Mayotte à partir de 2014)","Naissances"
"576",2001-12-01,541029,"Démographie - Nombre de décès par mois - France (inclus Mayotte à partir de 2014)","Décès"
"577",2001-11-01,805711,"Démographie - Nombre de naissances vivantes par mois - France (inclus Mayotte à partir de 2014)","Naissances"
"578",2001-11-01,537881,"Démographie - Nombre de décès par mois - France (inclus Mayotte à partir de 2014)","Décès"
"579",2001-10-01,806068,"Démographie - Nombre de naissances vivantes par mois - France (inclus Mayotte à partir de 2014)","Naissances"
"580",2001-10-01,536245,"Démographie - Nombre de décès par mois - France (inclus Mayotte à partir de 2014)","Décès"
"581",2001-09-01,805009,"Démographie - Nombre de naissances vivantes par mois - France (inclus Mayotte à partir de 2014)","Naissances"
"582",2001-09-01,536485,"Démographie - Nombre de décès par mois - France (inclus Mayotte à partir de 2014)","Décès"
"583",2001-08-01,805854,"Démographie - Nombre de naissances vivantes par mois - France (inclus Mayotte à partir de 2014)","Naissances"
"584",2001-08-01,534931,"Démographie - Nombre de décès par mois - France (inclus Mayotte à partir de 2014)","Décès"
"585",2001-07-01,806629,"Démographie - Nombre de naissances vivantes par mois - France (inclus Mayotte à partir de 2014)","Naissances"
"586",2001-07-01,533469,"Démographie - Nombre de décès par mois - France (inclus Mayotte à partir de 2014)","Décès"
"587",2001-06-01,805941,"Démographie - Nombre de naissances vivantes par mois - France (inclus Mayotte à partir de 2014)","Naissances"
"588",2001-06-01,531729,"Démographie - Nombre de décès par mois - France (inclus Mayotte à partir de 2014)","Décès"
"589",2001-05-01,806617,"Démographie - Nombre de naissances vivantes par mois - France (inclus Mayotte à partir de 2014)","Naissances"
"590",2001-05-01,530354,"Démographie - Nombre de décès par mois - France (inclus Mayotte à partir de 2014)","Décès"
"591",2001-04-01,806281,"Démographie - Nombre de naissances vivantes par mois - France (inclus Mayotte à partir de 2014)","Naissances"
"592",2001-04-01,527822,"Démographie - Nombre de décès par mois - France (inclus Mayotte à partir de 2014)","Décès"
"593",2001-03-01,805841,"Démographie - Nombre de naissances vivantes par mois - France (inclus Mayotte à partir de 2014)","Naissances"
"594",2001-03-01,526901,"Démographie - Nombre de décès par mois - France (inclus Mayotte à partir de 2014)","Décès"
"595",2001-02-01,806170,"Démographie - Nombre de naissances vivantes par mois - France (inclus Mayotte à partir de 2014)","Naissances"
"596",2001-02-01,525864,"Démographie - Nombre de décès par mois - France (inclus Mayotte à partir de 2014)","Décès"
"597",2001-01-01,808795,"Démographie - Nombre de naissances vivantes par mois - France (inclus Mayotte à partir de 2014)","Naissances"
"598",2001-01-01,531119,"Démographie - Nombre de décès par mois - France (inclus Mayotte à partir de 2014)","Décès"
"599",2000-12-01,807405,"Démographie - Nombre de naissances vivantes par mois - France (inclus Mayotte à partir de 2014)","Naissances"
"600",2000-12-01,540601,"Démographie - Nombre de décès par mois - France (inclus Mayotte à partir de 2014)","Décès"
"601",2000-11-01,805226,"Démographie - Nombre de naissances vivantes par mois - France (inclus Mayotte à partir de 2014)","Naissances"
"602",2000-11-01,545418,"Démographie - Nombre de décès par mois - France (inclus Mayotte à partir de 2014)","Décès"
"603",2000-10-01,801252,"Démographie - Nombre de naissances vivantes par mois - France (inclus Mayotte à partir de 2014)","Naissances"
"604",2000-10-01,545732,"Démographie - Nombre de décès par mois - France (inclus Mayotte à partir de 2014)","Décès"
"605",2000-09-01,798325,"Démographie - Nombre de naissances vivantes par mois - France (inclus Mayotte à partir de 2014)","Naissances"
"606",2000-09-01,545964,"Démographie - Nombre de décès par mois - France (inclus Mayotte à partir de 2014)","Décès"
"607",2000-08-01,797807,"Démographie - Nombre de naissances vivantes par mois - France (inclus Mayotte à partir de 2014)","Naissances"
"608",2000-08-01,546276,"Démographie - Nombre de décès par mois - France (inclus Mayotte à partir de 2014)","Décès"
"609",2000-07-01,794843,"Démographie - Nombre de naissances vivantes par mois - France (inclus Mayotte à partir de 2014)","Naissances"
"610",2000-07-01,546177,"Démographie - Nombre de décès par mois - France (inclus Mayotte à partir de 2014)","Décès"
"611",2000-06-01,794039,"Démographie - Nombre de naissances vivantes par mois - France (inclus Mayotte à partir de 2014)","Naissances"
"612",2000-06-01,546451,"Démographie - Nombre de décès par mois - France (inclus Mayotte à partir de 2014)","Décès"
"613",2000-05-01,792677,"Démographie - Nombre de naissances vivantes par mois - France (inclus Mayotte à partir de 2014)","Naissances"
"614",2000-05-01,546001,"Démographie - Nombre de décès par mois - France (inclus Mayotte à partir de 2014)","Décès"
"615",2000-04-01,788809,"Démographie - Nombre de naissances vivantes par mois - France (inclus Mayotte à partir de 2014)","Naissances"
"616",2000-04-01,547017,"Démographie - Nombre de décès par mois - France (inclus Mayotte à partir de 2014)","Décès"
"617",2000-03-01,787259,"Démographie - Nombre de naissances vivantes par mois - France (inclus Mayotte à partir de 2014)","Naissances"
"618",2000-03-01,547707,"Démographie - Nombre de décès par mois - France (inclus Mayotte à partir de 2014)","Décès"
"619",2000-02-01,784456,"Démographie - Nombre de naissances vivantes par mois - France (inclus Mayotte à partir de 2014)","Naissances"
"620",2000-02-01,552661,"Démographie - Nombre de décès par mois - France (inclus Mayotte à partir de 2014)","Décès"
"621",2000-01-01,779695,"Démographie - Nombre de naissances vivantes par mois - France (inclus Mayotte à partir de 2014)","Naissances"
"622",2000-01-01,554913,"Démographie - Nombre de décès par mois - France (inclus Mayotte à partir de 2014)","Décès"
"623",1999-12-01,775796,"Démographie - Nombre de naissances vivantes par mois - France (inclus Mayotte à partir de 2014)","Naissances"
"624",1999-12-01,547266,"Démographie - Nombre de décès par mois - France (inclus Mayotte à partir de 2014)","Décès"
"625",1999-11-01,774239,"Démographie - Nombre de naissances vivantes par mois - France (inclus Mayotte à partir de 2014)","Naissances"
"626",1999-11-01,544045,"Démographie - Nombre de décès par mois - France (inclus Mayotte à partir de 2014)","Décès"
"627",1999-10-01,774136,"Démographie - Nombre de naissances vivantes par mois - France (inclus Mayotte à partir de 2014)","Naissances"
"628",1999-10-01,543613,"Démographie - Nombre de décès par mois - France (inclus Mayotte à partir de 2014)","Décès"
"629",1999-09-01,773365,"Démographie - Nombre de naissances vivantes par mois - France (inclus Mayotte à partir de 2014)","Naissances"
"630",1999-09-01,542806,"Démographie - Nombre de décès par mois - France (inclus Mayotte à partir de 2014)","Décès"
"631",1999-08-01,773181,"Démographie - Nombre de naissances vivantes par mois - France (inclus Mayotte à partir de 2014)","Naissances"
"632",1999-08-01,543057,"Démographie - Nombre de décès par mois - France (inclus Mayotte à partir de 2014)","Décès"
"633",1999-07-01,772348,"Démographie - Nombre de naissances vivantes par mois - France (inclus Mayotte à partir de 2014)","Naissances"
"634",1999-07-01,543336,"Démographie - Nombre de décès par mois - France (inclus Mayotte à partir de 2014)","Décès"
"635",1999-06-01,770641,"Démographie - Nombre de naissances vivantes par mois - France (inclus Mayotte à partir de 2014)","Naissances"
"636",1999-06-01,542895,"Démographie - Nombre de décès par mois - France (inclus Mayotte à partir de 2014)","Décès"
"637",1999-05-01,768579,"Démographie - Nombre de naissances vivantes par mois - France (inclus Mayotte à partir de 2014)","Naissances"
"638",1999-05-01,543692,"Démographie - Nombre de décès par mois - France (inclus Mayotte à partir de 2014)","Décès"
"639",1999-04-01,766663,"Démographie - Nombre de naissances vivantes par mois - France (inclus Mayotte à partir de 2014)","Naissances"
"640",1999-04-01,544923,"Démographie - Nombre de décès par mois - France (inclus Mayotte à partir de 2014)","Décès"
"641",1999-03-01,767676,"Démographie - Nombre de naissances vivantes par mois - France (inclus Mayotte à partir de 2014)","Naissances"
"642",1999-03-01,549732,"Démographie - Nombre de décès par mois - France (inclus Mayotte à partir de 2014)","Décès"
"643",1999-02-01,767300,"Démographie - Nombre de naissances vivantes par mois - France (inclus Mayotte à partir de 2014)","Naissances"
"644",1999-02-01,551399,"Démographie - Nombre de décès par mois - France (inclus Mayotte à partir de 2014)","Décès"
"645",1999-01-01,766768,"Démographie - Nombre de naissances vivantes par mois - France (inclus Mayotte à partir de 2014)","Naissances"
"646",1999-01-01,547446,"Démographie - Nombre de décès par mois - France (inclus Mayotte à partir de 2014)","Décès"
"647",1998-12-01,767906,"Démographie - Nombre de naissances vivantes par mois - France (inclus Mayotte à partir de 2014)","Naissances"
"648",1998-12-01,543409,"Démographie - Nombre de décès par mois - France (inclus Mayotte à partir de 2014)","Décès"
"649",1998-11-01,768025,"Démographie - Nombre de naissances vivantes par mois - France (inclus Mayotte à partir de 2014)","Naissances"
"650",1998-11-01,541847,"Démographie - Nombre de décès par mois - France (inclus Mayotte à partir de 2014)","Décès"
"651",1998-10-01,767201,"Démographie - Nombre de naissances vivantes par mois - France (inclus Mayotte à partir de 2014)","Naissances"
"652",1998-10-01,541994,"Démographie - Nombre de décès par mois - France (inclus Mayotte à partir de 2014)","Décès"
"653",1998-09-01,766168,"Démographie - Nombre de naissances vivantes par mois - France (inclus Mayotte à partir de 2014)","Naissances"
"654",1998-09-01,541393,"Démographie - Nombre de décès par mois - France (inclus Mayotte à partir de 2014)","Décès"
"655",1998-08-01,761882,"Démographie - Nombre de naissances vivantes par mois - France (inclus Mayotte à partir de 2014)","Naissances"
"656",1998-08-01,540716,"Démographie - Nombre de décès par mois - France (inclus Mayotte à partir de 2014)","Décès"
"657",1998-07-01,759118,"Démographie - Nombre de naissances vivantes par mois - France (inclus Mayotte à partir de 2014)","Naissances"
"658",1998-07-01,541854,"Démographie - Nombre de décès par mois - France (inclus Mayotte à partir de 2014)","Décès"
"659",1998-06-01,758644,"Démographie - Nombre de naissances vivantes par mois - France (inclus Mayotte à partir de 2014)","Naissances"
"660",1998-06-01,542508,"Démographie - Nombre de décès par mois - France (inclus Mayotte à partir de 2014)","Décès"
"661",1998-05-01,759587,"Démographie - Nombre de naissances vivantes par mois - France (inclus Mayotte à partir de 2014)","Naissances"
"662",1998-05-01,540899,"Démographie - Nombre de décès par mois - France (inclus Mayotte à partir de 2014)","Décès"
"663",1998-04-01,760778,"Démographie - Nombre de naissances vivantes par mois - France (inclus Mayotte à partir de 2014)","Naissances"
"664",1998-04-01,539524,"Démographie - Nombre de décès par mois - France (inclus Mayotte à partir de 2014)","Décès"
"665",1998-03-01,760362,"Démographie - Nombre de naissances vivantes par mois - France (inclus Mayotte à partir de 2014)","Naissances"
"666",1998-03-01,535292,"Démographie - Nombre de décès par mois - France (inclus Mayotte à partir de 2014)","Décès"
"667",1998-02-01,758043,"Démographie - Nombre de naissances vivantes par mois - France (inclus Mayotte à partir de 2014)","Naissances"
"668",1998-02-01,528754,"Démographie - Nombre de décès par mois - France (inclus Mayotte à partir de 2014)","Décès"
"669",1998-01-01,758239,"Démographie - Nombre de naissances vivantes par mois - France (inclus Mayotte à partir de 2014)","Naissances"
"670",1998-01-01,527394,"Démographie - Nombre de décès par mois - France (inclus Mayotte à partir de 2014)","Décès"
"671",1997-12-01,757384,"Démographie - Nombre de naissances vivantes par mois - France (inclus Mayotte à partir de 2014)","Naissances"
"672",1997-12-01,539267,"Démographie - Nombre de décès par mois - France (inclus Mayotte à partir de 2014)","Décès"
"673",1997-11-01,757225,"Démographie - Nombre de naissances vivantes par mois - France (inclus Mayotte à partir de 2014)","Naissances"
"674",1997-11-01,545048,"Démographie - Nombre de décès par mois - France (inclus Mayotte à partir de 2014)","Décès"
"675",1997-10-01,758552,"Démographie - Nombre de naissances vivantes par mois - France (inclus Mayotte à partir de 2014)","Naissances"
"676",1997-10-01,545343,"Démographie - Nombre de décès par mois - France (inclus Mayotte à partir de 2014)","Décès"
"677",1997-09-01,759835,"Démographie - Nombre de naissances vivantes par mois - France (inclus Mayotte à partir de 2014)","Naissances"
"678",1997-09-01,545867,"Démographie - Nombre de décès par mois - France (inclus Mayotte à partir de 2014)","Décès"
"679",1997-08-01,761071,"Démographie - Nombre de naissances vivantes par mois - France (inclus Mayotte à partir de 2014)","Naissances"
"680",1997-08-01,547131,"Démographie - Nombre de décès par mois - France (inclus Mayotte à partir de 2014)","Décès"
"681",1997-07-01,761885,"Démographie - Nombre de naissances vivantes par mois - France (inclus Mayotte à partir de 2014)","Naissances"
"682",1997-07-01,544554,"Démographie - Nombre de décès par mois - France (inclus Mayotte à partir de 2014)","Décès"
"683",1997-06-01,762867,"Démographie - Nombre de naissances vivantes par mois - France (inclus Mayotte à partir de 2014)","Naissances"
"684",1997-06-01,544842,"Démographie - Nombre de décès par mois - France (inclus Mayotte à partir de 2014)","Décès"
"685",1997-05-01,764044,"Démographie - Nombre de naissances vivantes par mois - France (inclus Mayotte à partir de 2014)","Naissances"
"686",1997-05-01,546789,"Démographie - Nombre de décès par mois - France (inclus Mayotte à partir de 2014)","Décès"
"687",1997-04-01,764362,"Démographie - Nombre de naissances vivantes par mois - France (inclus Mayotte à partir de 2014)","Naissances"
"688",1997-04-01,547780,"Démographie - Nombre de décès par mois - France (inclus Mayotte à partir de 2014)","Décès"
"689",1997-03-01,762030,"Démographie - Nombre de naissances vivantes par mois - France (inclus Mayotte à partir de 2014)","Naissances"
"690",1997-03-01,548493,"Démographie - Nombre de décès par mois - France (inclus Mayotte à partir de 2014)","Décès"
"691",1997-02-01,763306,"Démographie - Nombre de naissances vivantes par mois - France (inclus Mayotte à partir de 2014)","Naissances"
"692",1997-02-01,550695,"Démographie - Nombre de décès par mois - France (inclus Mayotte à partir de 2014)","Décès"
"693",1997-01-01,764769,"Démographie - Nombre de naissances vivantes par mois - France (inclus Mayotte à partir de 2014)","Naissances"
"694",1997-01-01,552559,"Démographie - Nombre de décès par mois - France (inclus Mayotte à partir de 2014)","Décès"
"695",1996-12-01,764028,"Démographie - Nombre de naissances vivantes par mois - France (inclus Mayotte à partir de 2014)","Naissances"
"696",1996-12-01,544604,"Démographie - Nombre de décès par mois - France (inclus Mayotte à partir de 2014)","Décès"
"697",1996-11-01,763595,"Démographie - Nombre de naissances vivantes par mois - France (inclus Mayotte à partir de 2014)","Naissances"
"698",1996-11-01,543554,"Démographie - Nombre de décès par mois - France (inclus Mayotte à partir de 2014)","Décès"
"699",1996-10-01,763253,"Démographie - Nombre de naissances vivantes par mois - France (inclus Mayotte à partir de 2014)","Naissances"
"700",1996-10-01,543473,"Démographie - Nombre de décès par mois - France (inclus Mayotte à partir de 2014)","Décès"
"701",1996-09-01,764580,"Démographie - Nombre de naissances vivantes par mois - France (inclus Mayotte à partir de 2014)","Naissances"
"702",1996-09-01,544151,"Démographie - Nombre de décès par mois - France (inclus Mayotte à partir de 2014)","Décès"
"703",1996-08-01,765479,"Démographie - Nombre de naissances vivantes par mois - France (inclus Mayotte à partir de 2014)","Naissances"
"704",1996-08-01,544310,"Démographie - Nombre de décès par mois - France (inclus Mayotte à partir de 2014)","Décès"
"705",1996-07-01,766673,"Démographie - Nombre de naissances vivantes par mois - France (inclus Mayotte à partir de 2014)","Naissances"
"706",1996-07-01,546451,"Démographie - Nombre de décès par mois - France (inclus Mayotte à partir de 2014)","Décès"
"707",1996-06-01,766258,"Démographie - Nombre de naissances vivantes par mois - France (inclus Mayotte à partir de 2014)","Naissances"
"708",1996-06-01,547890,"Démographie - Nombre de décès par mois - France (inclus Mayotte à partir de 2014)","Décès"
"709",1996-05-01,766784,"Démographie - Nombre de naissances vivantes par mois - France (inclus Mayotte à partir de 2014)","Naissances"
"710",1996-05-01,548336,"Démographie - Nombre de décès par mois - France (inclus Mayotte à partir de 2014)","Décès"
"711",1996-04-01,765637,"Démographie - Nombre de naissances vivantes par mois - France (inclus Mayotte à partir de 2014)","Naissances"
"712",1996-04-01,548668,"Démographie - Nombre de décès par mois - France (inclus Mayotte à partir de 2014)","Décès"
"713",1996-03-01,763579,"Démographie - Nombre de naissances vivantes par mois - France (inclus Mayotte à partir de 2014)","Naissances"
"714",1996-03-01,549636,"Démographie - Nombre de décès par mois - France (inclus Mayotte à partir de 2014)","Décès"
"715",1996-02-01,763270,"Démographie - Nombre de naissances vivantes par mois - France (inclus Mayotte à partir de 2014)","Naissances"
"716",1996-02-01,548623,"Démographie - Nombre de décès par mois - France (inclus Mayotte à partir de 2014)","Décès"
"717",1996-01-01,760020,"Démographie - Nombre de naissances vivantes par mois - France (inclus Mayotte à partir de 2014)","Naissances"
"718",1996-01-01,542877,"Démographie - Nombre de décès par mois - France (inclus Mayotte à partir de 2014)","Décès"
"719",1995-12-01,759058,"Démographie - Nombre de naissances vivantes par mois - France (inclus Mayotte à partir de 2014)","Naissances"
"720",1995-12-01,540313,"Démographie - Nombre de décès par mois - France (inclus Mayotte à partir de 2014)","Décès"
"721",1995-11-01,758682,"Démographie - Nombre de naissances vivantes par mois - France (inclus Mayotte à partir de 2014)","Naissances"
"722",1995-11-01,535237,"Démographie - Nombre de décès par mois - France (inclus Mayotte à partir de 2014)","Décès"
"723",1995-10-01,757735,"Démographie - Nombre de naissances vivantes par mois - France (inclus Mayotte à partir de 2014)","Naissances"
"724",1995-10-01,533775,"Démographie - Nombre de décès par mois - France (inclus Mayotte à partir de 2014)","Décès"
"725",1995-09-01,754302,"Démographie - Nombre de naissances vivantes par mois - France (inclus Mayotte à partir de 2014)","Naissances"
"726",1995-09-01,533776,"Démographie - Nombre de décès par mois - France (inclus Mayotte à partir de 2014)","Décès"
"727",1995-08-01,750605,"Démographie - Nombre de naissances vivantes par mois - France (inclus Mayotte à partir de 2014)","Naissances"
"728",1995-08-01,533912,"Démographie - Nombre de décès par mois - France (inclus Mayotte à partir de 2014)","Décès"
"729",1995-07-01,747877,"Démographie - Nombre de naissances vivantes par mois - France (inclus Mayotte à partir de 2014)","Naissances"
"730",1995-07-01,533640,"Démographie - Nombre de décès par mois - France (inclus Mayotte à partir de 2014)","Décès"
"731",1995-06-01,745998,"Démographie - Nombre de naissances vivantes par mois - France (inclus Mayotte à partir de 2014)","Naissances"
"732",1995-06-01,533698,"Démographie - Nombre de décès par mois - France (inclus Mayotte à partir de 2014)","Décès"
"733",1995-05-01,743680,"Démographie - Nombre de naissances vivantes par mois - France (inclus Mayotte à partir de 2014)","Naissances"
"734",1995-05-01,532490,"Démographie - Nombre de décès par mois - France (inclus Mayotte à partir de 2014)","Décès"
"735",1995-04-01,744484,"Démographie - Nombre de naissances vivantes par mois - France (inclus Mayotte à partir de 2014)","Naissances"
"736",1995-04-01,530273,"Démographie - Nombre de décès par mois - France (inclus Mayotte à partir de 2014)","Décès"
"737",1995-03-01,745566,"Démographie - Nombre de naissances vivantes par mois - France (inclus Mayotte à partir de 2014)","Naissances"
"738",1995-03-01,527675,"Démographie - Nombre de décès par mois - France (inclus Mayotte à partir de 2014)","Décès"
"739",1995-02-01,743823,"Démographie - Nombre de naissances vivantes par mois - France (inclus Mayotte à partir de 2014)","Naissances"
"740",1995-02-01,525582,"Démographie - Nombre de décès par mois - France (inclus Mayotte à partir de 2014)","Décès"
"741",1995-01-01,743089,"Démographie - Nombre de naissances vivantes par mois - France (inclus Mayotte à partir de 2014)","Naissances"
"742",1995-01-01,527292,"Démographie - Nombre de décès par mois - France (inclus Mayotte à partir de 2014)","Décès"
"743",1994-12-01,740774,"Démographie - Nombre de naissances vivantes par mois - France (inclus Mayotte à partir de 2014)","Naissances"
"744",1994-12-01,528462,"Démographie - Nombre de décès par mois - France (inclus Mayotte à partir de 2014)","Décès"
"745",1994-11-01,NA,"Démographie - Nombre de naissances vivantes par mois - France (inclus Mayotte à partir de 2014)","Naissances"
"746",1994-11-01,NA,"Démographie - Nombre de décès par mois - France (inclus Mayotte à partir de 2014)","Décès"
"747",1994-10-01,NA,"Démographie - Nombre de naissances vivantes par mois - France (inclus Mayotte à partir de 2014)","Naissances"
"748",1994-10-01,NA,"Démographie - Nombre de décès par mois - France (inclus Mayotte à partir de 2014)","Décès"
"749",1994-09-01,NA,"Démographie - Nombre de naissances vivantes par mois - France (inclus Mayotte à partir de 2014)","Naissances"
"750",1994-09-01,NA,"Démographie - Nombre de décès par mois - France (inclus Mayotte à partir de 2014)","Décès"
"751",1994-08-01,NA,"Démographie - Nombre de naissances vivantes par mois - France (inclus Mayotte à partir de 2014)","Naissances"
"752",1994-08-01,NA,"Démographie - Nombre de décès par mois - France (inclus Mayotte à partir de 2014)","Décès"
"753",1994-07-01,NA,"Démographie - Nombre de naissances vivantes par mois - France (inclus Mayotte à partir de 2014)","Naissances"
"754",1994-07-01,NA,"Démographie - Nombre de décès par mois - France (inclus Mayotte à partir de 2014)","Décès"
"755",1994-06-01,NA,"Démographie - Nombre de naissances vivantes par mois - France (inclus Mayotte à partir de 2014)","Naissances"
"756",1994-06-01,NA,"Démographie - Nombre de décès par mois - France (inclus Mayotte à partir de 2014)","Décès"
"757",1994-05-01,NA,"Démographie - Nombre de naissances vivantes par mois - France (inclus Mayotte à partir de 2014)","Naissances"
"758",1994-05-01,NA,"Démographie - Nombre de décès par mois - France (inclus Mayotte à partir de 2014)","Décès"
"759",1994-04-01,NA,"Démographie - Nombre de naissances vivantes par mois - France (inclus Mayotte à partir de 2014)","Naissances"
"760",1994-04-01,NA,"Démographie - Nombre de décès par mois - France (inclus Mayotte à partir de 2014)","Décès"
"761",1994-03-01,NA,"Démographie - Nombre de naissances vivantes par mois - France (inclus Mayotte à partir de 2014)","Naissances"
"762",1994-03-01,NA,"Démographie - Nombre de décès par mois - France (inclus Mayotte à partir de 2014)","Décès"
"763",1994-02-01,NA,"Démographie - Nombre de naissances vivantes par mois - France (inclus Mayotte à partir de 2014)","Naissances"
"764",1994-02-01,NA,"Démographie - Nombre de décès par mois - France (inclus Mayotte à partir de 2014)","Décès"
"765",1994-01-01,NA,"Démographie - Nombre de naissances vivantes par mois - France (inclus Mayotte à partir de 2014)","Naissances"
"766",1994-01-01,NA,"Démographie - Nombre de décès par mois - France (inclus Mayotte à partir de 2014)","Décès"
